-- phpMyAdmin SQL Dump
-- version 4.0.10.14
-- http://www.phpmyadmin.net
--
-- Host: localhost:3306
-- Erstellungszeit: 05. Jan 2017 um 22:51
-- Server Version: 5.6.33-log
-- PHP-Version: 5.4.31

SET SQL_MODE = "NO_AUTO_VALUE_ON_ZERO";
SET time_zone = "+00:00";


/*!40101 SET @OLD_CHARACTER_SET_CLIENT=@@CHARACTER_SET_CLIENT */;
/*!40101 SET @OLD_CHARACTER_SET_RESULTS=@@CHARACTER_SET_RESULTS */;
/*!40101 SET @OLD_COLLATION_CONNECTION=@@COLLATION_CONNECTION */;
/*!40101 SET NAMES utf8 */;

--
-- Datenbank: `dienerli_piox1`
--

-- --------------------------------------------------------

--
-- Tabellenstruktur für Tabelle `log`
--

CREATE TABLE IF NOT EXISTS `log` (
  `l_ID` int(11) NOT NULL AUTO_INCREMENT COMMENT 'log ID',
  `timestamp` timestamp NOT NULL DEFAULT CURRENT_TIMESTAMP ON UPDATE CURRENT_TIMESTAMP COMMENT 'log time',
  `text` varchar(1000) NOT NULL COMMENT 'log text',
  `type` enum('RIDDLE','STATION','MRX','OTHER') NOT NULL COMMENT 'log type',
  `FK_ID` int(11) NOT NULL COMMENT 'FK ID of type',
  PRIMARY KEY (`l_ID`)
) ENGINE=InnoDB  DEFAULT CHARSET=latin1 AUTO_INCREMENT=4 ;

--
-- Daten für Tabelle `log`
--

INSERT INTO `log` (`l_ID`, `timestamp`, `text`, `type`, `FK_ID`) VALUES
(1, '2016-12-29 14:04:11', 'Team 1 hat Mr.X erwischt!', 'MRX', 1),
(2, '2016-12-29 14:04:11', 'Team 2 hat ein Rätsel gelöst', 'RIDDLE', 1),
(3, '2016-12-29 14:04:11', 'Team 3 Hat eine Station eingenommen', 'STATION', 1);

-- --------------------------------------------------------

--
-- Tabellenstruktur für Tabelle `mrx`
--

CREATE TABLE IF NOT EXISTS `mrx` (
  `x_ID` int(11) NOT NULL AUTO_INCREMENT COMMENT 'PK mrx ID',
  `name` varchar(255) NOT NULL COMMENT 'mrx name',
  `x_hash` varchar(255) NOT NULL COMMENT 'mrx hash',
  PRIMARY KEY (`x_ID`),
  UNIQUE KEY `x_hash` (`x_hash`),
  UNIQUE KEY `name` (`name`),
  KEY `x_hash_2` (`x_hash`)
) ENGINE=InnoDB  DEFAULT CHARSET=latin1 AUTO_INCREMENT=4 ;

--
-- Daten für Tabelle `mrx`
--

INSERT INTO `mrx` (`x_ID`, `name`, `x_hash`) VALUES
(1, 'Mr.X', 'x111'),
(2, 'Mr.Y', 'x222'),
(3, 'Mr.Z', 'x333');

-- --------------------------------------------------------

--
-- Tabellenstruktur für Tabelle `mrx_position`
--

CREATE TABLE IF NOT EXISTS `mrx_position` (
  `xpos_ID` int(11) NOT NULL AUTO_INCREMENT COMMENT 'PK mrx position ID',
  `xpos_lat` double NOT NULL COMMENT 'mrx latitude',
  `xpos_long` double NOT NULL COMMENT 'mrx longitude',
  `mrx_ID` int(11) NOT NULL COMMENT 'FK mrx ID',
  `timestamp` timestamp NOT NULL DEFAULT CURRENT_TIMESTAMP ON UPDATE CURRENT_TIMESTAMP COMMENT 'mrx position timestamp',
  `description` varchar(1000) NOT NULL COMMENT 'mrx position description',
  PRIMARY KEY (`xpos_ID`)
) ENGINE=InnoDB  DEFAULT CHARSET=latin1 AUTO_INCREMENT=6 ;

--
-- Daten für Tabelle `mrx_position`
--

INSERT INTO `mrx_position` (`xpos_ID`, `xpos_lat`, `xpos_long`, `mrx_ID`, `timestamp`, `description`) VALUES
(1, 47.50310134887695, 8.73583984375, 1, '2016-12-31 16:11:27', 'Zu Fuss unterwegs zum Bus.'),
(2, 47.504798889160156, 8.736860275268555, 1, '2016-12-31 16:11:33', 'Nehme den Bus Nr.10'),
(3, 47.50790023803711, 8.758110046386719, 1, '2016-12-31 16:11:41', 'Nehme den Bus Nr.1'),
(4, 47.498600006103516, 8.748880386352539, 2, '2016-12-31 16:11:48', 'Nehme den Zug'),
(5, 47.48749923706055, 8.76436996459961, 2, '2016-12-31 16:11:55', 'Nehme den Bus Nr.2');

-- --------------------------------------------------------

--
-- Tabellenstruktur für Tabelle `notification`
--

CREATE TABLE IF NOT EXISTS `notification` (
  `n_ID` int(11) NOT NULL AUTO_INCREMENT COMMENT 'PK notifications',
  `title` varchar(255) NOT NULL COMMENT 'notification title',
  `text` varchar(1000) NOT NULL COMMENT 'notification text',
  `timestamp` timestamp NOT NULL DEFAULT CURRENT_TIMESTAMP ON UPDATE CURRENT_TIMESTAMP COMMENT 'notification time',
  `t_ID` int(11) DEFAULT NULL COMMENT 'team ID if private',
  PRIMARY KEY (`n_ID`)
) ENGINE=InnoDB  DEFAULT CHARSET=latin1 AUTO_INCREMENT=4 ;

--
-- Daten für Tabelle `notification`
--

INSERT INTO `notification` (`n_ID`, `title`, `text`, `timestamp`, `t_ID`) VALUES
(1, 'Achtung, fertig, los!', 'Das Spiel beginnt um 14:00 Uhr!', '2016-12-29 14:02:06', NULL),
(2, 'Mr.X gesichtet!', 'Mister X wurde gesehen', '2016-12-29 14:02:06', 1),
(3, 'Neue Nachricht', 'Test', '2017-01-05 21:23:20', NULL);

-- --------------------------------------------------------

--
-- Tabellenstruktur für Tabelle `passcode`
--

CREATE TABLE IF NOT EXISTS `passcode` (
  `p_ID` int(11) NOT NULL AUTO_INCREMENT COMMENT 'passcode ID',
  `code` varchar(255) NOT NULL,
  `points` int(11) NOT NULL COMMENT 'score points',
  `used` tinyint(1) NOT NULL DEFAULT '0' COMMENT 'passcode used',
  `mrx_ID` int(11) NOT NULL COMMENT 'FK mrx ID',
  PRIMARY KEY (`p_ID`),
  UNIQUE KEY `code` (`code`)
) ENGINE=InnoDB  DEFAULT CHARSET=latin1 AUTO_INCREMENT=6 ;

--
-- Daten für Tabelle `passcode`
--

INSERT INTO `passcode` (`p_ID`, `code`, `points`, `used`, `mrx_ID`) VALUES
(1, '18', 20, 0, 0),
(2, '3', 30, 0, 0),
(3, '123abc', 15, 0, 0),
(4, '12', 7, 0, 0),
(5, 'mrx1a', 50, 0, 0);

-- --------------------------------------------------------

--
-- Tabellenstruktur für Tabelle `riddle`
--

CREATE TABLE IF NOT EXISTS `riddle` (
  `r_ID` int(11) NOT NULL AUTO_INCREMENT COMMENT 'riddle ID',
  `pos_lat` double DEFAULT NULL COMMENT 'riddle latitude',
  `pos_long` double DEFAULT NULL COMMENT 'riddle longitude',
  `question` varchar(5000) NOT NULL COMMENT 'riddle question',
  `dep_ID` int(11) DEFAULT NULL COMMENT 'dependency ID',
  `answer` varchar(255) DEFAULT NULL COMMENT 'riddle answer',
  `type` enum('SINGLE','MULTI','','') NOT NULL COMMENT 'type of riddle',
  `points` int(11) NOT NULL COMMENT 'riddle points',
  PRIMARY KEY (`r_ID`)
) ENGINE=InnoDB  DEFAULT CHARSET=latin1 AUTO_INCREMENT=5 ;

--
-- Daten für Tabelle `riddle`
--

INSERT INTO `riddle` (`r_ID`, `pos_lat`, `pos_long`, `question`, `dep_ID`, `answer`, `type`, `points`) VALUES
(1, 47.499874114990234, 8.732152938842773, 'Wieviele Bänkli gibt es im Vögeli Park? (Lindengutpark)', NULL, '18', 'MULTI', 20),
(2, 47.50304412841797, 8.729138374328613, 'Wieviele Tritte hat die Terrasse vom Münzkabinett?', 1, '3', 'MULTI', 30),
(3, NULL, NULL, 'Mache einen Handstand mit einem Elefanten auf dem Rücken.', NULL, '', 'SINGLE', 7),
(4, 47.505332946777344, 8.727124214172363, 'Wieviele Räder hat das Gefährt?', NULL, '12', 'MULTI', 20);

-- --------------------------------------------------------

--
-- Tabellenstruktur für Tabelle `r_team_mrx`
--

CREATE TABLE IF NOT EXISTS `r_team_mrx` (
  `t_ID` int(11) NOT NULL COMMENT 'FK team ID',
  `x_name` varchar(255) NOT NULL COMMENT 'FK mrx name',
  PRIMARY KEY (`t_ID`,`x_name`)
) ENGINE=InnoDB DEFAULT CHARSET=latin1;

--
-- Daten für Tabelle `r_team_mrx`
--

INSERT INTO `r_team_mrx` (`t_ID`, `x_name`) VALUES
(1, 'Mr.X');

-- --------------------------------------------------------

--
-- Tabellenstruktur für Tabelle `r_team_riddle`
--

CREATE TABLE IF NOT EXISTS `r_team_riddle` (
  `r_ID` int(11) NOT NULL COMMENT 'FK riddle ID',
  `t_ID` int(11) NOT NULL COMMENT 'FK team ID',
  `state` enum('LOCKED','UNLOCKED','SOLVED','') NOT NULL COMMENT 'riddle state',
  `img_ID` varchar(255) NOT NULL COMMENT 'team img of riddle',
  PRIMARY KEY (`r_ID`,`t_ID`)
) ENGINE=InnoDB DEFAULT CHARSET=latin1;

--
-- Daten für Tabelle `r_team_riddle`
--

INSERT INTO `r_team_riddle` (`r_ID`, `t_ID`, `state`, `img_ID`) VALUES
(1, 2, 'SOLVED', '0');

-- --------------------------------------------------------

--
-- Tabellenstruktur für Tabelle `r_team_station`
--

CREATE TABLE IF NOT EXISTS `r_team_station` (
  `rts_ID` int(11) NOT NULL AUTO_INCREMENT,
  `s_ID` int(11) NOT NULL COMMENT 'FK station ID',
  `t_ID` int(11) NOT NULL COMMENT 'FK team ID',
  `timestamp` timestamp NOT NULL DEFAULT CURRENT_TIMESTAMP ON UPDATE CURRENT_TIMESTAMP COMMENT 'station capture time',
  `img_ID` varchar(255) NOT NULL COMMENT 'team img of station',
  PRIMARY KEY (`rts_ID`)
) ENGINE=InnoDB  DEFAULT CHARSET=latin1 AUTO_INCREMENT=12 ;

--
-- Daten für Tabelle `r_team_station`
--

INSERT INTO `r_team_station` (`rts_ID`, `s_ID`, `t_ID`, `timestamp`, `img_ID`) VALUES
(1, 1, 3, '2016-12-31 16:19:25', '1'),
(2, 2, 2, '2016-12-31 16:19:28', '2'),
(3, 3, 3, '2016-12-31 16:19:31', '3'),
(4, 4, 4, '2016-12-31 16:19:34', '4'),
(5, 5, 1, '2016-12-31 16:20:09', '6'),
(6, 6, 4, '2017-01-04 15:59:39', '0'),
(7, 6, 3, '2017-01-04 18:41:46', '0'),
(8, 7, 4, '2017-01-04 21:42:32', 'capture_s7_t4_1483566152483'),
(9, 7, 2, '2017-01-04 21:44:01', 'capture_s7_t2_1483566240575'),
(10, 6, 2, '2017-01-05 20:56:31', 'capture_s6_t2_1483649791849'),
(11, 6, 4, '2017-01-05 21:30:12', 'capture_s6_t4_1483651812600');

-- --------------------------------------------------------

--
-- Tabellenstruktur für Tabelle `station`
--

CREATE TABLE IF NOT EXISTS `station` (
  `s_ID` int(11) NOT NULL AUTO_INCREMENT COMMENT 'PK station ID',
  `pos_lat` double NOT NULL COMMENT 'station latitude',
  `pos_long` double NOT NULL COMMENT 'station longitude',
  `name` varchar(255) NOT NULL COMMENT 'station name',
  `description` varchar(1000) NOT NULL COMMENT 'station description',
  PRIMARY KEY (`s_ID`)
) ENGINE=InnoDB  DEFAULT CHARSET=latin1 AUTO_INCREMENT=8 ;

--
-- Daten für Tabelle `station`
--

INSERT INTO `station` (`s_ID`, `pos_lat`, `pos_long`, `name`, `description`) VALUES
(1, 47.499027252197266, 8.728534698486328, 'Chileplatz', 'Platz vor Stadtkirche'),
(2, 47.498722076416016, 8.730570793151855, 'Holzmaa', 'Er war mal hier'),
(3, 47.50092315673828, 8.725961685180664, 'Ufos', 'Aliens auf dem Merkurplatz'),
(4, 47.51821517944336, 8.71927261352539, 'Warzenbunker', 'Auch zum Einkaufen geeignet'),
(5, 47.494606018066406, 8.712735176086426, 'Diviko WG', 'Betreutes Wohnen für altgediente Divikonianer'),
(6, 47.494299, 8.716552, 'Technopark', 'Schaffä schaffä'),
(7, 47.505065917969, 8.7183294296265, 'Buon Gusto', 'Mmmh Pizza');

-- --------------------------------------------------------

--
-- Tabellenstruktur für Tabelle `team`
--

CREATE TABLE IF NOT EXISTS `team` (
  `t_ID` int(11) NOT NULL AUTO_INCREMENT COMMENT 'team ID',
  `name` varchar(255) NOT NULL COMMENT 'team name',
  `hash` varchar(255) NOT NULL COMMENT 'team hash',
  `score` int(11) NOT NULL DEFAULT '0' COMMENT 'team score',
  `color` varchar(255) NOT NULL COMMENT 'team color',
  `see_mrx_until` timestamp NULL DEFAULT NULL COMMENT 'time until they see mrxs',
  PRIMARY KEY (`t_ID`),
  UNIQUE KEY `hash` (`hash`)
) ENGINE=InnoDB  DEFAULT CHARSET=latin1 AUTO_INCREMENT=5 ;

--
-- Daten für Tabelle `team`
--

INSERT INTO `team` (`t_ID`, `name`, `hash`, `score`, `color`, `see_mrx_until`) VALUES
(1, 'team1', '111', 0, 'red', NULL),
(2, 'team2', '222', 0, 'green', '2017-01-05 21:50:13'),
(3, 'team3', '333', 0, 'blue', NULL),
(4, 'team4', '444', 0, 'yellow', '2017-01-05 21:50:13');

-- --------------------------------------------------------

--
-- Tabellenstruktur für Tabelle `teamposition`
--

CREATE TABLE IF NOT EXISTS `teamposition` (
  `tp_ID` int(11) NOT NULL AUTO_INCREMENT COMMENT 'PK team position ID',
  `team_lat` double NOT NULL COMMENT 'team latitude',
  `team_long` double NOT NULL COMMENT 'team longitude',
  `t_ID` int(11) NOT NULL COMMENT 'FK team ID',
  `player` varchar(255) NOT NULL COMMENT 'player info',
  `timestamp` timestamp NOT NULL DEFAULT CURRENT_TIMESTAMP ON UPDATE CURRENT_TIMESTAMP COMMENT 'position timestamp',
  PRIMARY KEY (`tp_ID`)
) ENGINE=InnoDB  DEFAULT CHARSET=latin1 AUTO_INCREMENT=1791 ;

--
-- Daten für Tabelle `teamposition`
--

INSERT INTO `teamposition` (`tp_ID`, `team_lat`, `team_long`, `t_ID`, `player`, `timestamp`) VALUES
(1, 47.48493194580078, 8.761857986450195, 4, 'Hugo', '2016-12-29 14:45:13'),
(2, 47.483360290527344, 8.760130882263184, 4, 'Hugo', '2016-12-29 14:47:13'),
(3, 47.48478698730469, 8.757975578308105, 4, 'Stei', '2016-12-29 14:47:36'),
(4, 47.498043060302734, 8.760632514953613, 3, 'Hund', '2016-12-29 14:48:47'),
(5, 47.4947288, 8.7168561, 2, 'bla', '2017-01-04 15:44:24'),
(6, 47.4947288, 8.7168561, 2, 'bla', '2017-01-04 15:44:39'),
(7, 47.494698, 8.7169919, 4, 'Jsjdh', '2017-01-04 15:44:46'),
(8, 47.4947288, 8.7168561, 2, 'bla', '2017-01-04 15:44:54'),
(9, 47.4947288, 8.7168561, 2, 'bla', '2017-01-04 15:44:54'),
(10, 47.4947288, 8.7168561, 2, 'bla', '2017-01-04 15:45:09'),
(11, 47.4947288, 8.7168561, 2, 'bla', '2017-01-04 15:45:24'),
(12, 47.494698, 8.7169919, 4, 'Jsjdh', '2017-01-04 15:45:25'),
(13, 47.494698, 8.7169919, 4, 'Jsjdh', '2017-01-04 15:45:25'),
(14, 47.4947288, 8.7168561, 2, 'bla', '2017-01-04 15:45:39'),
(15, 47.4947288, 8.7168561, 2, 'bla', '2017-01-04 15:45:54'),
(16, 47.4947288, 8.7168561, 2, 'bla', '2017-01-04 15:45:54'),
(17, 47.4947288, 8.7168561, 2, 'bla', '2017-01-04 15:46:09'),
(18, 47.4947288, 8.7168561, 2, 'bla', '2017-01-04 15:46:24'),
(19, 47.4947288, 8.7168561, 2, 'bla', '2017-01-04 15:46:39'),
(20, 47.4947288, 8.7168561, 2, 'bla', '2017-01-04 15:46:54'),
(21, 47.4947288, 8.7168561, 2, 'bla', '2017-01-04 15:46:54'),
(22, 47.4947288, 8.7168561, 2, 'bla', '2017-01-04 15:47:09'),
(23, 47.4947288, 8.7168561, 2, 'bla', '2017-01-04 15:47:24'),
(24, 47.4947288, 8.7168561, 2, 'bla', '2017-01-04 15:47:39'),
(25, 47.494698, 8.7169919, 4, 'Jsjdh', '2017-01-04 15:47:51'),
(26, 47.4947288, 8.7168561, 2, 'bla', '2017-01-04 15:47:54'),
(27, 47.4947288, 8.7168561, 2, 'bla', '2017-01-04 15:47:54'),
(28, 47.4947288, 8.7168561, 2, 'bla', '2017-01-04 15:48:09'),
(29, 47.4947288, 8.7168561, 2, 'bla', '2017-01-04 15:48:24'),
(30, 47.494698, 8.7169919, 4, 'Jsjdh', '2017-01-04 15:48:34'),
(31, 47.4947288, 8.7168561, 2, 'bla', '2017-01-04 15:48:39'),
(32, 47.4947288, 8.7168561, 2, 'bla', '2017-01-04 15:48:54'),
(33, 47.4947288, 8.7168561, 2, 'bla', '2017-01-04 15:48:54'),
(34, 47.4947288, 8.7168561, 2, 'bla', '2017-01-04 15:49:09'),
(35, 47.4947288, 8.7168561, 2, 'bla', '2017-01-04 15:49:24'),
(36, 47.4947288, 8.7168561, 2, 'bla', '2017-01-04 15:49:39'),
(37, 47.4947288, 8.7168561, 2, 'bla', '2017-01-04 15:49:54'),
(38, 47.4947288, 8.7168561, 2, 'bla', '2017-01-04 15:49:54'),
(39, 47.4947288, 8.7168561, 2, 'bla', '2017-01-04 15:50:09'),
(40, 47.494698, 8.7169919, 4, 'Jsjdh', '2017-01-04 15:50:16'),
(41, 47.4947288, 8.7168561, 2, 'bla', '2017-01-04 15:50:24'),
(42, 47.4947288, 8.7168561, 2, 'bla', '2017-01-04 15:50:39'),
(43, 47.494698, 8.7169919, 4, 'Jsjdh', '2017-01-04 15:50:48'),
(44, 47.494698, 8.7169919, 4, 'Jsjdh', '2017-01-04 15:50:48'),
(45, 47.4947288, 8.7168561, 2, 'bla', '2017-01-04 15:50:54'),
(46, 47.4947288, 8.7168561, 2, 'bla', '2017-01-04 15:50:54'),
(47, 47.4947288, 8.7168561, 2, 'bla', '2017-01-04 15:51:09'),
(48, 47.494698, 8.7169919, 4, 'Jsjdh', '2017-01-04 15:51:22'),
(49, 47.4947288, 8.7168561, 2, 'bla', '2017-01-04 15:51:24'),
(50, 47.4947288, 8.7168561, 2, 'bla', '2017-01-04 15:51:39'),
(51, 47.4947288, 8.7168561, 2, 'bla', '2017-01-04 15:51:54'),
(52, 47.4947288, 8.7168561, 2, 'bla', '2017-01-04 15:51:54'),
(53, 47.4947288, 8.7168561, 2, 'bla', '2017-01-04 15:52:09'),
(54, 47.4947288, 8.7168561, 2, 'bla', '2017-01-04 15:52:24'),
(55, 47.4947288, 8.7168561, 2, 'bla', '2017-01-04 15:52:39'),
(56, 47.494698, 8.7169919, 4, 'Jsjdh', '2017-01-04 15:52:48'),
(57, 47.4947288, 8.7168561, 2, 'bla', '2017-01-04 15:52:54'),
(58, 47.4947288, 8.7168561, 2, 'bla', '2017-01-04 15:52:54'),
(59, 47.4947288, 8.7168561, 2, 'bla', '2017-01-04 15:53:09'),
(60, 47.4947288, 8.7168561, 2, 'bla', '2017-01-04 15:53:24'),
(61, 47.4947113, 8.7168917, 2, 'bla', '2017-01-04 15:53:39'),
(62, 47.4947113, 8.7168917, 2, 'bla', '2017-01-04 15:53:54'),
(63, 47.4947113, 8.7168917, 2, 'bla', '2017-01-04 15:53:54'),
(64, 47.4947113, 8.7168917, 2, 'bla', '2017-01-04 15:54:09'),
(65, 47.4947113, 8.7168917, 2, 'bla', '2017-01-04 15:54:24'),
(66, 47.494698, 8.7169919, 4, 'Jsjdh', '2017-01-04 15:54:37'),
(67, 47.4947113, 8.7168917, 2, 'bla', '2017-01-04 15:54:39'),
(68, 47.494698, 8.7169919, 4, 'Jsjdh', '2017-01-04 15:54:52'),
(69, 47.494698, 8.7169919, 4, 'Jsjdh', '2017-01-04 15:54:52'),
(70, 47.4947113, 8.7168917, 2, 'bla', '2017-01-04 15:54:54'),
(71, 47.4947113, 8.7168917, 2, 'bla', '2017-01-04 15:54:54'),
(72, 47.4947113, 8.7168917, 2, 'bla', '2017-01-04 15:55:09'),
(73, 47.4947113, 8.7168917, 2, 'bla', '2017-01-04 15:55:24'),
(74, 47.4947113, 8.7168917, 2, 'bla', '2017-01-04 15:55:39'),
(75, 47.494698, 8.7169919, 4, 'Jsjdh', '2017-01-04 15:55:41'),
(76, 47.4947113, 8.7168917, 2, 'bla', '2017-01-04 15:55:54'),
(77, 47.4947113, 8.7168917, 2, 'bla', '2017-01-04 15:55:54'),
(78, 47.4947113, 8.7168917, 2, 'bla', '2017-01-04 15:56:09'),
(79, 47.4947113, 8.7168917, 2, 'bla', '2017-01-04 15:56:24'),
(80, 47.4947113, 8.7168917, 2, 'bla', '2017-01-04 15:56:39'),
(81, 47.4947113, 8.7168917, 2, 'bla', '2017-01-04 15:56:54'),
(82, 47.4947113, 8.7168917, 2, 'bla', '2017-01-04 15:56:54'),
(83, 47.494698, 8.7169919, 4, 'Jsjdh', '2017-01-04 15:57:01'),
(84, 47.4947113, 8.7168917, 2, 'bla', '2017-01-04 15:57:09'),
(85, 47.4947113, 8.7168917, 2, 'bla', '2017-01-04 15:57:24'),
(86, 47.4947113, 8.7168917, 2, 'bla', '2017-01-04 15:57:39'),
(87, 47.4947113, 8.7168917, 2, 'bla', '2017-01-04 15:57:54'),
(88, 47.4947113, 8.7168917, 2, 'bla', '2017-01-04 15:57:54'),
(89, 47.4947113, 8.7168917, 2, 'bla', '2017-01-04 15:58:09'),
(90, 47.4947113, 8.7168917, 2, 'bla', '2017-01-04 15:58:24'),
(91, 47.4947113, 8.7168917, 2, 'bla', '2017-01-04 15:58:39'),
(92, 47.4947113, 8.7168917, 2, 'bla', '2017-01-04 15:58:54'),
(93, 47.4947113, 8.7168917, 2, 'bla', '2017-01-04 15:58:54'),
(94, 47.4947113, 8.7168917, 2, 'bla', '2017-01-04 15:59:09'),
(95, 47.494698, 8.7169919, 4, 'Jsjdh', '2017-01-04 15:59:13'),
(96, 47.494698, 8.7169919, 4, 'Jsjdh', '2017-01-04 15:59:13'),
(97, 47.4947113, 8.7168917, 2, 'bla', '2017-01-04 15:59:24'),
(98, 47.494698, 8.7169919, 4, 'Jsjdh', '2017-01-04 15:59:35'),
(99, 47.4947113, 8.7168917, 2, 'bla', '2017-01-04 15:59:39'),
(100, 47.494698, 8.7169919, 4, 'Jsjdh', '2017-01-04 15:59:39'),
(101, 47.494698, 8.7169919, 4, 'Jsjdh', '2017-01-04 15:59:39'),
(102, 47.494698, 8.7169919, 4, 'Jsjdh', '2017-01-04 15:59:40'),
(103, 47.494698, 8.7169919, 4, 'Jsjdh', '2017-01-04 15:59:49'),
(104, 47.4947113, 8.7168917, 2, 'bla', '2017-01-04 15:59:54'),
(105, 47.4947113, 8.7168917, 2, 'bla', '2017-01-04 15:59:54'),
(106, 47.494698, 8.7169919, 4, 'Jsjdh', '2017-01-04 16:00:04'),
(107, 47.4947113, 8.7168917, 2, 'bla', '2017-01-04 16:00:09'),
(108, 47.494698, 8.7169919, 4, 'Jsjdh', '2017-01-04 16:00:19'),
(109, 47.494698, 8.7169919, 4, 'Jsjdh', '2017-01-04 16:00:19'),
(110, 47.4947113, 8.7168917, 2, 'bla', '2017-01-04 16:00:24'),
(111, 47.494698, 8.7169919, 4, 'Jsjdh', '2017-01-04 16:00:34'),
(112, 47.4947113, 8.7168917, 2, 'bla', '2017-01-04 16:00:39'),
(113, 47.494698, 8.7169919, 4, 'Jsjdh', '2017-01-04 16:00:49'),
(114, 47.4947113, 8.7168917, 2, 'bla', '2017-01-04 16:00:54'),
(115, 47.4947113, 8.7168917, 2, 'bla', '2017-01-04 16:00:54'),
(116, 47.494698, 8.7169919, 4, 'Jsjdh', '2017-01-04 16:01:04'),
(117, 47.4947113, 8.7168917, 2, 'bla', '2017-01-04 16:01:09'),
(118, 47.494698, 8.7169919, 4, 'Jsjdh', '2017-01-04 16:01:19'),
(119, 47.494698, 8.7169919, 4, 'Jsjdh', '2017-01-04 16:01:19'),
(120, 47.4947113, 8.7168917, 2, 'bla', '2017-01-04 16:01:24'),
(121, 47.494698, 8.7169919, 4, 'Jsjdh', '2017-01-04 16:01:34'),
(122, 47.4947113, 8.7168917, 2, 'bla', '2017-01-04 16:01:39'),
(123, 47.494698, 8.7169919, 4, 'Jsjdh', '2017-01-04 16:01:49'),
(124, 47.4947113, 8.7168917, 2, 'bla', '2017-01-04 16:01:54'),
(125, 47.4947113, 8.7168917, 2, 'bla', '2017-01-04 16:01:54'),
(126, 47.494698, 8.7169919, 4, 'Jsjdh', '2017-01-04 16:02:04'),
(127, 47.4947113, 8.7168917, 2, 'bla', '2017-01-04 16:02:09'),
(128, 47.494698, 8.7169919, 4, 'Jsjdh', '2017-01-04 16:02:19'),
(129, 47.494698, 8.7169919, 4, 'Jsjdh', '2017-01-04 16:02:19'),
(130, 47.4947113, 8.7168917, 2, 'bla', '2017-01-04 16:02:24'),
(131, 47.494698, 8.7169919, 4, 'Jsjdh', '2017-01-04 16:02:34'),
(132, 47.4947113, 8.7168917, 2, 'bla', '2017-01-04 16:02:39'),
(133, 47.494698, 8.7169919, 4, 'Jsjdh', '2017-01-04 16:02:49'),
(134, 47.4947113, 8.7168917, 2, 'bla', '2017-01-04 16:02:54'),
(135, 47.4947113, 8.7168917, 2, 'bla', '2017-01-04 16:02:54'),
(136, 47.494698, 8.7169919, 4, 'Jsjdh', '2017-01-04 16:03:04'),
(137, 47.4947113, 8.7168917, 2, 'bla', '2017-01-04 16:03:09'),
(138, 47.494698, 8.7169919, 4, 'Jsjdh', '2017-01-04 16:03:19'),
(139, 47.494698, 8.7169919, 4, 'Jsjdh', '2017-01-04 16:03:19'),
(140, 47.4947113, 8.7168917, 2, 'bla', '2017-01-04 16:03:24'),
(141, 47.494698, 8.7169919, 4, 'Jsjdh', '2017-01-04 16:03:34'),
(142, 47.4947113, 8.7168917, 2, 'bla', '2017-01-04 16:03:39'),
(143, 47.494698, 8.7169919, 4, 'Jsjdh', '2017-01-04 16:03:49'),
(144, 47.4947113, 8.7168917, 2, 'bla', '2017-01-04 16:03:54'),
(145, 47.4947113, 8.7168917, 2, 'bla', '2017-01-04 16:03:54'),
(146, 47.494698, 8.7169919, 4, 'Jsjdh', '2017-01-04 16:04:04'),
(147, 47.4947113, 8.7168917, 2, 'bla', '2017-01-04 16:04:09'),
(148, 47.494698, 8.7169919, 4, 'Jsjdh', '2017-01-04 16:04:19'),
(149, 47.494698, 8.7169919, 4, 'Jsjdh', '2017-01-04 16:04:19'),
(150, 47.4947113, 8.7168917, 2, 'bla', '2017-01-04 16:04:24'),
(151, 47.494698, 8.7169919, 4, 'Jsjdh', '2017-01-04 16:04:34'),
(152, 47.4947113, 8.7168917, 2, 'bla', '2017-01-04 16:04:39'),
(153, 47.494698, 8.7169919, 4, 'Jsjdh', '2017-01-04 16:04:49'),
(154, 47.4947113, 8.7168917, 2, 'bla', '2017-01-04 16:04:54'),
(155, 47.4947113, 8.7168917, 2, 'bla', '2017-01-04 16:04:54'),
(156, 47.494698, 8.7169919, 4, 'Jsjdh', '2017-01-04 16:05:04'),
(157, 47.4947113, 8.7168917, 2, 'bla', '2017-01-04 16:05:09'),
(158, 47.494698, 8.7169919, 4, 'Jsjdh', '2017-01-04 16:05:19'),
(159, 47.494698, 8.7169919, 4, 'Jsjdh', '2017-01-04 16:05:19'),
(160, 47.4947113, 8.7168917, 2, 'bla', '2017-01-04 16:05:24'),
(161, 47.494698, 8.7169919, 4, 'Jsjdh', '2017-01-04 16:05:35'),
(162, 47.4947113, 8.7168917, 2, 'bla', '2017-01-04 16:05:39'),
(163, 47.4947113, 8.7168917, 2, 'bla', '2017-01-04 16:05:54'),
(164, 47.4947113, 8.7168917, 2, 'bla', '2017-01-04 16:05:54'),
(165, 47.4947113, 8.7168917, 2, 'bla', '2017-01-04 16:06:09'),
(166, 47.4947113, 8.7168917, 2, 'bla', '2017-01-04 16:06:24'),
(167, 47.494698, 8.7169919, 4, 'Jsjdh', '2017-01-04 16:06:37'),
(168, 47.4947113, 8.7168917, 2, 'bla', '2017-01-04 16:06:39'),
(169, 47.4947113, 8.7168917, 2, 'bla', '2017-01-04 16:06:54'),
(170, 47.4947113, 8.7168917, 2, 'bla', '2017-01-04 16:06:54'),
(171, 47.4947113, 8.7168917, 2, 'bla', '2017-01-04 16:07:09'),
(172, 47.4947113, 8.7168917, 2, 'bla', '2017-01-04 16:07:24'),
(173, 47.4947113, 8.7168917, 2, 'bla', '2017-01-04 16:07:39'),
(174, 47.494698, 8.7169919, 4, 'Jsjdh', '2017-01-04 16:07:52'),
(175, 47.4947113, 8.7168917, 2, 'bla', '2017-01-04 16:07:54'),
(176, 47.4947113, 8.7168917, 2, 'bla', '2017-01-04 16:07:54'),
(177, 47.4947113, 8.7168917, 2, 'bla', '2017-01-04 16:08:09'),
(178, 47.494698, 8.7169919, 4, 'Jsjdh', '2017-01-04 16:08:10'),
(179, 47.494698, 8.7169919, 4, 'Jsjdh', '2017-01-04 16:08:10'),
(180, 47.4947113, 8.7168917, 2, 'bla', '2017-01-04 16:08:24'),
(181, 47.4947113, 8.7168917, 2, 'bla', '2017-01-04 16:08:39'),
(182, 47.4947113, 8.7168917, 2, 'bla', '2017-01-04 16:08:54'),
(183, 47.4947113, 8.7168917, 2, 'bla', '2017-01-04 16:08:54'),
(184, 47.494698, 8.7169919, 4, 'Jsjdh', '2017-01-04 16:09:00'),
(185, 47.4947113, 8.7168917, 2, 'bla', '2017-01-04 16:09:09'),
(186, 47.4947113, 8.7168917, 2, 'bla', '2017-01-04 16:09:24'),
(187, 47.4947113, 8.7168917, 2, 'bla', '2017-01-04 16:09:39'),
(188, 47.494698, 8.7169919, 4, 'Jsjdh', '2017-01-04 16:09:44'),
(189, 47.4947113, 8.7168917, 2, 'bla', '2017-01-04 16:09:54'),
(190, 47.4947113, 8.7168917, 2, 'bla', '2017-01-04 16:09:54'),
(191, 47.494698, 8.7169919, 4, 'Jsjdh', '2017-01-04 16:09:59'),
(192, 47.4947113, 8.7168917, 2, 'bla', '2017-01-04 16:10:09'),
(193, 47.494698, 8.7169919, 4, 'Jsjdh', '2017-01-04 16:10:14'),
(194, 47.494698, 8.7169919, 4, 'Jsjdh', '2017-01-04 16:10:14'),
(195, 47.4947113, 8.7168917, 2, 'bla', '2017-01-04 16:10:24'),
(196, 47.494698, 8.7169919, 4, 'Jsjdh', '2017-01-04 16:10:29'),
(197, 47.4947113, 8.7168917, 2, 'bla', '2017-01-04 16:10:39'),
(198, 47.4947113, 8.7168917, 2, 'bla', '2017-01-04 16:10:54'),
(199, 47.4947113, 8.7168917, 2, 'bla', '2017-01-04 16:10:54'),
(200, 47.4947113, 8.7168917, 2, 'bla', '2017-01-04 16:11:09'),
(201, 47.4947113, 8.7168917, 2, 'bla', '2017-01-04 16:11:24'),
(202, 47.494698, 8.7169919, 4, 'Jsjdh', '2017-01-04 16:11:36'),
(203, 47.4947113, 8.7168917, 2, 'bla', '2017-01-04 16:11:39'),
(204, 47.4947113, 8.7168917, 2, 'bla', '2017-01-04 16:11:54'),
(205, 47.4947113, 8.7168917, 2, 'bla', '2017-01-04 16:11:54'),
(206, 47.4947113, 8.7168917, 2, 'bla', '2017-01-04 16:12:09'),
(207, 47.4947113, 8.7168917, 2, 'bla', '2017-01-04 16:12:24'),
(208, 47.4947113, 8.7168917, 2, 'bla', '2017-01-04 16:12:39'),
(209, 47.4947113, 8.7168917, 2, 'bla', '2017-01-04 16:12:54'),
(210, 47.4947113, 8.7168917, 2, 'bla', '2017-01-04 16:12:54'),
(211, 47.4947113, 8.7168917, 2, 'bla', '2017-01-04 16:13:09'),
(212, 47.4947113, 8.7168917, 2, 'bla', '2017-01-04 16:13:24'),
(213, 47.494698, 8.7169919, 4, 'Jsjdh', '2017-01-04 16:13:25'),
(214, 47.494698, 8.7169919, 4, 'Jsjdh', '2017-01-04 16:13:27'),
(215, 47.494698, 8.7169919, 4, 'Jsjdh', '2017-01-04 16:13:27'),
(216, 47.494698, 8.7169919, 4, 'Jsjdh', '2017-01-04 16:13:29'),
(217, 47.494698, 8.7169919, 4, 'Jsjdh', '2017-01-04 16:13:29'),
(218, 47.494698, 8.7169919, 4, 'Jsjdh', '2017-01-04 16:13:32'),
(219, 47.494698, 8.7169919, 4, 'Jsjdh', '2017-01-04 16:13:32'),
(220, 47.494698, 8.7169919, 4, 'Jsjdh', '2017-01-04 16:13:35'),
(221, 47.494698, 8.7169919, 4, 'Jsjdh', '2017-01-04 16:13:36'),
(222, 47.494698, 8.7169919, 4, 'Jsjdh', '2017-01-04 16:13:38'),
(223, 47.494698, 8.7169919, 4, 'Jsjdh', '2017-01-04 16:13:38'),
(224, 47.494698, 8.7169919, 4, 'Jsjdh', '2017-01-04 16:13:38'),
(225, 47.494698, 8.7169919, 4, 'Jsjdh', '2017-01-04 16:13:38'),
(226, 47.4947113, 8.7168917, 2, 'bla', '2017-01-04 16:13:39'),
(227, 47.494698, 8.7169919, 4, 'Jsjdh', '2017-01-04 16:13:39'),
(228, 47.494698, 8.7169919, 4, 'Jsjdh', '2017-01-04 16:13:39'),
(229, 47.494698, 8.7169919, 4, 'Jsjdh', '2017-01-04 16:13:40'),
(230, 47.494698, 8.7169919, 4, 'Jsjdh', '2017-01-04 16:13:40'),
(231, 47.4947113, 8.7168917, 2, 'bla', '2017-01-04 16:13:54'),
(232, 47.4947113, 8.7168917, 2, 'bla', '2017-01-04 16:13:54'),
(233, 47.494698, 8.7169919, 4, 'Jsjdh', '2017-01-04 16:13:54'),
(234, 47.4947113, 8.7168917, 2, 'bla', '2017-01-04 16:14:09'),
(235, 47.494698, 8.7169919, 4, 'Jsjdh', '2017-01-04 16:14:09'),
(236, 47.4947113, 8.7168917, 2, 'bla', '2017-01-04 16:14:24'),
(237, 47.494698, 8.7169919, 4, 'Jsjdh', '2017-01-04 16:14:24'),
(238, 47.4947113, 8.7168917, 2, 'bla', '2017-01-04 16:14:39'),
(239, 47.494698, 8.7169919, 4, 'Jsjdh', '2017-01-04 16:14:39'),
(240, 47.494698, 8.7169919, 4, 'Jsjdh', '2017-01-04 16:14:39'),
(241, 47.4947113, 8.7168917, 2, 'bla', '2017-01-04 16:14:54'),
(242, 47.4947113, 8.7168917, 2, 'bla', '2017-01-04 16:14:54'),
(243, 47.494698, 8.7169919, 4, 'Jsjdh', '2017-01-04 16:14:54'),
(244, 47.4947113, 8.7168917, 2, 'bla', '2017-01-04 16:15:09'),
(245, 47.494698, 8.7169919, 4, 'Jsjdh', '2017-01-04 16:15:09'),
(246, 47.4947113, 8.7168917, 2, 'bla', '2017-01-04 16:15:24'),
(247, 47.494698, 8.7169919, 4, 'Jsjdh', '2017-01-04 16:15:24'),
(248, 47.4947112, 8.7169045, 2, 'bla', '2017-01-04 16:15:39'),
(249, 47.494698, 8.7169919, 4, 'Jsjdh', '2017-01-04 16:15:39'),
(250, 47.494698, 8.7169919, 4, 'Jsjdh', '2017-01-04 16:15:39'),
(251, 47.4947112, 8.7169045, 2, 'bla', '2017-01-04 16:15:54'),
(252, 47.4947112, 8.7169045, 2, 'bla', '2017-01-04 16:15:54'),
(253, 47.4945827, 8.7164778, 4, 'Jsjdh', '2017-01-04 16:15:54'),
(254, 47.4947112, 8.7169045, 2, 'bla', '2017-01-04 16:16:09'),
(255, 47.4945827, 8.7164778, 4, 'Jsjdh', '2017-01-04 16:16:09'),
(256, 47.4947112, 8.7169045, 2, 'bla', '2017-01-04 16:16:24'),
(257, 47.4945827, 8.7164778, 4, 'Jsjdh', '2017-01-04 16:16:24'),
(258, 47.4947112, 8.7169045, 2, 'bla', '2017-01-04 16:16:39'),
(259, 47.4945827, 8.7164778, 4, 'Jsjdh', '2017-01-04 16:16:39'),
(260, 47.4945827, 8.7164778, 4, 'Jsjdh', '2017-01-04 16:16:39'),
(261, 47.4947112, 8.7169045, 2, 'bla', '2017-01-04 16:16:54'),
(262, 47.4947112, 8.7169045, 2, 'bla', '2017-01-04 16:16:54'),
(263, 47.4945827, 8.7164778, 4, 'Jsjdh', '2017-01-04 16:16:54'),
(264, 47.4947112, 8.7169045, 2, 'bla', '2017-01-04 16:17:09'),
(265, 47.4945827, 8.7164778, 4, 'Jsjdh', '2017-01-04 16:17:09'),
(266, 47.4947112, 8.7169045, 2, 'bla', '2017-01-04 16:17:24'),
(267, 47.4945827, 8.7164778, 4, 'Jsjdh', '2017-01-04 16:17:24'),
(268, 47.4947112, 8.7169045, 2, 'bla', '2017-01-04 16:17:39'),
(269, 47.4945827, 8.7164778, 4, 'Jsjdh', '2017-01-04 16:17:39'),
(270, 47.4945827, 8.7164778, 4, 'Jsjdh', '2017-01-04 16:17:39'),
(271, 47.4947252, 8.7168787, 2, 'bla', '2017-01-04 16:17:54'),
(272, 47.4947252, 8.7168787, 2, 'bla', '2017-01-04 16:17:54'),
(273, 47.4945827, 8.7164778, 4, 'Jsjdh', '2017-01-04 16:17:54'),
(274, 47.4947252, 8.7168787, 2, 'bla', '2017-01-04 16:18:09'),
(275, 47.4945827, 8.7164778, 4, 'Jsjdh', '2017-01-04 16:18:09'),
(276, 47.4947252, 8.7168787, 2, 'bla', '2017-01-04 16:18:24'),
(277, 47.4945827, 8.7164778, 4, 'Jsjdh', '2017-01-04 16:18:25'),
(278, 47.4947252, 8.7168787, 2, 'bla', '2017-01-04 16:18:39'),
(279, 47.4945827, 8.7164778, 4, 'Jsjdh', '2017-01-04 16:18:51'),
(280, 47.4945827, 8.7164778, 4, 'Jsjdh', '2017-01-04 16:18:51'),
(281, 47.4947252, 8.7168787, 2, 'bla', '2017-01-04 16:18:54'),
(282, 47.4947252, 8.7168787, 2, 'bla', '2017-01-04 16:18:54'),
(283, 47.4947252, 8.7168787, 2, 'bla', '2017-01-04 16:19:09'),
(284, 47.4947252, 8.7168787, 2, 'bla', '2017-01-04 16:19:24'),
(285, 47.4945827, 8.7164778, 4, 'Jsjdh', '2017-01-04 16:19:29'),
(286, 47.4947252, 8.7168787, 2, 'bla', '2017-01-04 16:19:39'),
(287, 47.4945827, 8.7164778, 4, 'Jsjdh', '2017-01-04 16:19:50'),
(288, 47.4947252, 8.7168787, 2, 'bla', '2017-01-04 16:19:54'),
(289, 47.4947252, 8.7168787, 2, 'bla', '2017-01-04 16:19:54'),
(290, 47.4947163, 8.7168883, 2, 'bla', '2017-01-04 16:20:09'),
(291, 47.4947163, 8.7168883, 2, 'bla', '2017-01-04 16:20:24'),
(292, 47.4947163, 8.7168883, 2, 'bla', '2017-01-04 16:20:39'),
(293, 47.4947163, 8.7168883, 2, 'bla', '2017-01-04 16:20:54'),
(294, 47.4947163, 8.7168883, 2, 'bla', '2017-01-04 16:20:54'),
(295, 47.4947163, 8.7168883, 2, 'bla', '2017-01-04 16:21:09'),
(296, 47.4945827, 8.7164778, 4, 'Jsjdh', '2017-01-04 16:21:19'),
(297, 47.4947163, 8.7168883, 2, 'bla', '2017-01-04 16:21:24'),
(298, 47.4947163, 8.7168883, 2, 'bla', '2017-01-04 16:21:39'),
(299, 47.4947163, 8.7168883, 2, 'bla', '2017-01-04 16:21:54'),
(300, 47.4947163, 8.7168883, 2, 'bla', '2017-01-04 16:21:54'),
(301, 47.4947036, 8.7168813, 2, 'bla', '2017-01-04 16:22:09'),
(302, 47.4947036, 8.7168813, 2, 'bla', '2017-01-04 16:22:24'),
(303, 47.4945827, 8.7164778, 4, 'Jsjdh', '2017-01-04 16:22:32'),
(304, 47.4947036, 8.7168813, 2, 'bla', '2017-01-04 16:22:39'),
(305, 47.4947036, 8.7168813, 2, 'bla', '2017-01-04 16:22:54'),
(306, 47.4947036, 8.7168813, 2, 'bla', '2017-01-04 16:22:54'),
(307, 47.4945827, 8.7164778, 4, 'Jsjdh', '2017-01-04 16:22:57'),
(308, 47.4947036, 8.7168813, 2, 'bla', '2017-01-04 16:23:09'),
(309, 47.4947036, 8.7168813, 2, 'bla', '2017-01-04 16:23:24'),
(310, 47.4945827, 8.7164778, 4, 'Jsjdh', '2017-01-04 16:23:33'),
(311, 47.4947036, 8.7168813, 2, 'bla', '2017-01-04 16:23:39'),
(312, 47.4947036, 8.7168813, 2, 'bla', '2017-01-04 16:23:54'),
(313, 47.4947036, 8.7168813, 2, 'bla', '2017-01-04 16:23:54'),
(314, 47.4947036, 8.7168813, 2, 'bla', '2017-01-04 16:24:09'),
(315, 47.4947083, 8.7168673, 2, 'bla', '2017-01-04 16:24:24'),
(316, 47.4947083, 8.7168673, 2, 'bla', '2017-01-04 16:24:39'),
(317, 47.4945827, 8.7164778, 4, 'Jsjdh', '2017-01-04 16:24:46'),
(318, 47.4945827, 8.7164778, 4, 'Jsjdh', '2017-01-04 16:24:46'),
(319, 47.4947083, 8.7168673, 2, 'bla', '2017-01-04 16:24:54'),
(320, 47.4947083, 8.7168673, 2, 'bla', '2017-01-04 16:24:54'),
(321, 47.4947083, 8.7168673, 2, 'bla', '2017-01-04 16:25:09'),
(322, 47.4947083, 8.7168673, 2, 'bla', '2017-01-04 16:25:24'),
(323, 47.4947083, 8.7168673, 2, 'bla', '2017-01-04 16:25:39'),
(324, 47.4947083, 8.7168673, 2, 'bla', '2017-01-04 16:25:54'),
(325, 47.4947083, 8.7168673, 2, 'bla', '2017-01-04 16:25:54'),
(326, 47.4947083, 8.7168673, 2, 'bla', '2017-01-04 16:26:09'),
(327, 47.4947083, 8.7168673, 2, 'bla', '2017-01-04 16:26:24'),
(328, 47.4947291, 8.7168976, 2, 'bla', '2017-01-04 16:26:39'),
(329, 47.4947291, 8.7168976, 2, 'bla', '2017-01-04 16:26:54'),
(330, 47.4947291, 8.7168976, 2, 'bla', '2017-01-04 16:26:54'),
(331, 47.4947291, 8.7168976, 2, 'bla', '2017-01-04 16:27:09'),
(332, 47.4947291, 8.7168976, 2, 'bla', '2017-01-04 16:27:24'),
(333, 47.4945827, 8.7164778, 4, 'Jsjdh', '2017-01-04 16:27:29'),
(334, 47.4947291, 8.7168976, 2, 'bla', '2017-01-04 16:27:39'),
(335, 47.4936914, 8.7089294, 4, 'Jsjdh', '2017-01-04 16:27:42'),
(336, 47.4947291, 8.7168976, 2, 'bla', '2017-01-04 16:27:54'),
(337, 47.4947291, 8.7168976, 2, 'bla', '2017-01-04 16:27:54'),
(338, 47.4936914, 8.7089294, 4, 'Jsjdh', '2017-01-04 16:27:57'),
(339, 47.4936914, 8.7089294, 4, 'Jsjdh', '2017-01-04 16:27:57'),
(340, 47.4947291, 8.7168976, 2, 'bla', '2017-01-04 16:28:09'),
(341, 47.4936914, 8.7089294, 4, 'Jsjdh', '2017-01-04 16:28:12'),
(342, 47.4947291, 8.7168976, 2, 'bla', '2017-01-04 16:28:24'),
(343, 47.4936914, 8.7089294, 4, 'Jsjdh', '2017-01-04 16:28:30'),
(344, 47.4947291, 8.7168976, 2, 'bla', '2017-01-04 16:28:39'),
(345, 47.4936914, 8.7089294, 4, 'Jsjdh', '2017-01-04 16:28:43'),
(346, 47.4947291, 8.7168976, 2, 'bla', '2017-01-04 16:28:54'),
(347, 47.4947291, 8.7168976, 2, 'bla', '2017-01-04 16:28:54'),
(348, 47.4936914, 8.7089294, 4, 'Jsjdh', '2017-01-04 16:29:00'),
(349, 47.4936914, 8.7089294, 4, 'Jsjdh', '2017-01-04 16:29:00'),
(350, 47.4947291, 8.7168976, 2, 'bla', '2017-01-04 16:29:09'),
(351, 47.4935739, 8.7091678, 4, 'Jsjdh', '2017-01-04 16:29:15'),
(352, 47.4947291, 8.7168976, 2, 'bla', '2017-01-04 16:29:24'),
(353, 47.4935739, 8.7091678, 4, 'Jsjdh', '2017-01-04 16:29:27'),
(354, 47.4947291, 8.7168976, 2, 'bla', '2017-01-04 16:29:39'),
(355, 47.4935739, 8.7091678, 4, 'Jsjdh', '2017-01-04 16:29:42'),
(356, 47.4947291, 8.7168976, 2, 'bla', '2017-01-04 16:29:54'),
(357, 47.4947291, 8.7168976, 2, 'bla', '2017-01-04 16:29:54'),
(358, 47.4935739, 8.7091678, 4, 'Jsjdh', '2017-01-04 16:29:57'),
(359, 47.4935739, 8.7091678, 4, 'Jsjdh', '2017-01-04 16:29:57'),
(360, 47.4947291, 8.7168976, 2, 'bla', '2017-01-04 16:30:09'),
(361, 47.4935739, 8.7091678, 4, 'Jsjdh', '2017-01-04 16:30:12'),
(362, 47.4947291, 8.7168976, 2, 'bla', '2017-01-04 16:30:24'),
(363, 47.4935739, 8.7091678, 4, 'Jsjdh', '2017-01-04 16:30:27'),
(364, 47.4947291, 8.7168976, 2, 'bla', '2017-01-04 16:30:39'),
(365, 47.4935739, 8.7091678, 4, 'Jsjdh', '2017-01-04 16:30:42'),
(366, 47.4947291, 8.7168976, 2, 'bla', '2017-01-04 16:30:54'),
(367, 47.4947291, 8.7168976, 2, 'bla', '2017-01-04 16:30:54'),
(368, 47.4935739, 8.7091678, 4, 'Jsjdh', '2017-01-04 16:30:57'),
(369, 47.4935739, 8.7091678, 4, 'Jsjdh', '2017-01-04 16:30:57'),
(370, 47.4947291, 8.7168976, 2, 'bla', '2017-01-04 16:31:09'),
(371, 47.4935739, 8.7091678, 4, 'Jsjdh', '2017-01-04 16:31:12'),
(372, 47.4947291, 8.7168976, 2, 'bla', '2017-01-04 16:31:24'),
(373, 47.4935739, 8.7091678, 4, 'Jsjdh', '2017-01-04 16:31:27'),
(374, 47.4947291, 8.7168976, 2, 'bla', '2017-01-04 16:31:39'),
(375, 47.4935739, 8.7091678, 4, 'Jsjdh', '2017-01-04 16:31:42'),
(376, 47.4947291, 8.7168976, 2, 'bla', '2017-01-04 16:31:54'),
(377, 47.4947291, 8.7168976, 2, 'bla', '2017-01-04 16:31:54'),
(378, 47.4935739, 8.7091678, 4, 'Jsjdh', '2017-01-04 16:31:58'),
(379, 47.4935739, 8.7091678, 4, 'Jsjdh', '2017-01-04 16:31:58'),
(380, 47.4947291, 8.7168976, 2, 'bla', '2017-01-04 16:32:09'),
(381, 47.4935739, 8.7091678, 4, 'Jsjdh', '2017-01-04 16:32:12'),
(382, 47.4947291, 8.7168976, 2, 'bla', '2017-01-04 16:32:24'),
(383, 47.4935739, 8.7091678, 4, 'Jsjdh', '2017-01-04 16:32:27'),
(384, 47.4947291, 8.7168976, 2, 'bla', '2017-01-04 16:32:39'),
(385, 47.4935739, 8.7091678, 4, 'Jsjdh', '2017-01-04 16:32:42'),
(386, 47.4947291, 8.7168976, 2, 'bla', '2017-01-04 16:32:54'),
(387, 47.4947291, 8.7168976, 2, 'bla', '2017-01-04 16:32:54'),
(388, 47.4935739, 8.7091678, 4, 'Jsjdh', '2017-01-04 16:32:59'),
(389, 47.4935739, 8.7091678, 4, 'Jsjdh', '2017-01-04 16:32:59'),
(390, 47.4947291, 8.7168976, 2, 'bla', '2017-01-04 16:33:09'),
(391, 47.4935739, 8.7091678, 4, 'Jsjdh', '2017-01-04 16:33:12'),
(392, 47.4947291, 8.7168976, 2, 'bla', '2017-01-04 16:33:24'),
(393, 47.4935739, 8.7091678, 4, 'Jsjdh', '2017-01-04 16:33:27'),
(394, 47.4947291, 8.7168976, 2, 'bla', '2017-01-04 16:33:39'),
(395, 47.4935739, 8.7091678, 4, 'Jsjdh', '2017-01-04 16:33:42'),
(396, 47.4947291, 8.7168976, 2, 'bla', '2017-01-04 16:33:54'),
(397, 47.4947291, 8.7168976, 2, 'bla', '2017-01-04 16:33:54'),
(398, 47.4935739, 8.7091678, 4, 'Jsjdh', '2017-01-04 16:33:57'),
(399, 47.4935739, 8.7091678, 4, 'Jsjdh', '2017-01-04 16:33:57'),
(400, 47.4947291, 8.7168976, 2, 'bla', '2017-01-04 16:34:09'),
(401, 47.4947291, 8.7168976, 2, 'bla', '2017-01-04 16:34:24'),
(402, 47.4947291, 8.7168976, 2, 'bla', '2017-01-04 16:34:39'),
(403, 47.4947291, 8.7168976, 2, 'bla', '2017-01-04 16:34:54'),
(404, 47.4947291, 8.7168976, 2, 'bla', '2017-01-04 16:34:54'),
(405, 47.4947291, 8.7168976, 2, 'bla', '2017-01-04 16:35:09'),
(406, 47.4947291, 8.7168976, 2, 'bla', '2017-01-04 16:35:24'),
(407, 47.4947291, 8.7168976, 2, 'bla', '2017-01-04 16:35:39'),
(408, 47.4947291, 8.7168976, 2, 'bla', '2017-01-04 16:35:54'),
(409, 47.4947291, 8.7168976, 2, 'bla', '2017-01-04 16:35:54'),
(410, 47.4947291, 8.7168976, 2, 'bla', '2017-01-04 16:36:09'),
(411, 47.4947291, 8.7168976, 2, 'bla', '2017-01-04 16:36:24'),
(412, 47.4947291, 8.7168976, 2, 'bla', '2017-01-04 16:36:39'),
(413, 47.4947291, 8.7168976, 2, 'bla', '2017-01-04 16:36:54'),
(414, 47.4947291, 8.7168976, 2, 'bla', '2017-01-04 16:36:54'),
(415, 47.4947291, 8.7168976, 2, 'bla', '2017-01-04 16:37:09'),
(416, 47.4947291, 8.7168976, 2, 'bla', '2017-01-04 16:37:24'),
(417, 47.4947291, 8.7168976, 2, 'bla', '2017-01-04 16:37:39'),
(418, 47.4947291, 8.7168976, 2, 'bla', '2017-01-04 16:37:54'),
(419, 47.4947291, 8.7168976, 2, 'bla', '2017-01-04 16:37:54'),
(420, 47.4947291, 8.7168976, 2, 'bla', '2017-01-04 16:38:09'),
(421, 47.4947291, 8.7168976, 2, 'bla', '2017-01-04 16:38:24'),
(422, 47.4947196, 8.7169179, 2, 'bla', '2017-01-04 16:38:39'),
(423, 47.4947196, 8.7169179, 2, 'bla', '2017-01-04 16:38:54'),
(424, 47.4947196, 8.7169179, 2, 'bla', '2017-01-04 16:38:54'),
(425, 47.4947196, 8.7169179, 2, 'bla', '2017-01-04 16:39:09'),
(426, 47.4947196, 8.7169179, 2, 'bla', '2017-01-04 16:39:24'),
(427, 47.4947196, 8.7169179, 2, 'bla', '2017-01-04 16:39:39'),
(428, 47.4947196, 8.7169179, 2, 'bla', '2017-01-04 16:39:54'),
(429, 47.4947196, 8.7169179, 2, 'bla', '2017-01-04 16:39:54'),
(430, 47.4947196, 8.7169179, 2, 'bla', '2017-01-04 16:40:09'),
(431, 47.4947196, 8.7169179, 2, 'bla', '2017-01-04 16:40:24'),
(432, 47.4947196, 8.7169179, 2, 'bla', '2017-01-04 16:40:39'),
(433, 47.494734, 8.7169441, 2, 'bla', '2017-01-04 16:40:54'),
(434, 47.494734, 8.7169441, 2, 'bla', '2017-01-04 16:40:54'),
(435, 47.494734, 8.7169441, 2, 'bla', '2017-01-04 16:41:09'),
(436, 47.494734, 8.7169441, 2, 'bla', '2017-01-04 16:41:24'),
(437, 47.494734, 8.7169441, 2, 'bla', '2017-01-04 16:41:39'),
(438, 47.494734, 8.7169441, 2, 'bla', '2017-01-04 16:41:54'),
(439, 47.494734, 8.7169441, 2, 'bla', '2017-01-04 16:41:54'),
(440, 47.494734, 8.7169441, 2, 'bla', '2017-01-04 16:42:09'),
(441, 47.494734, 8.7169441, 2, 'bla', '2017-01-04 16:42:24'),
(442, 47.494734, 8.7169441, 2, 'bla', '2017-01-04 16:42:39'),
(443, 47.494734, 8.7169441, 2, 'bla', '2017-01-04 16:42:54'),
(444, 47.494734, 8.7169441, 2, 'bla', '2017-01-04 16:42:54'),
(445, 47.494734, 8.7169441, 2, 'bla', '2017-01-04 16:43:09'),
(446, 47.494734, 8.7169441, 2, 'bla', '2017-01-04 16:43:24'),
(447, 47.494734, 8.7169441, 2, 'bla', '2017-01-04 16:43:39'),
(448, 47.494734, 8.7169441, 2, 'bla', '2017-01-04 16:43:54'),
(449, 47.494734, 8.7169441, 2, 'bla', '2017-01-04 16:43:54'),
(450, 47.494734, 8.7169441, 2, 'bla', '2017-01-04 16:44:09'),
(451, 47.494734, 8.7169441, 2, 'bla', '2017-01-04 16:44:24'),
(452, 47.494734, 8.7169441, 2, 'bla', '2017-01-04 16:44:39'),
(453, 47.494734, 8.7169441, 2, 'bla', '2017-01-04 16:44:54'),
(454, 47.494734, 8.7169441, 2, 'bla', '2017-01-04 16:44:54'),
(455, 47.494734, 8.7169441, 2, 'bla', '2017-01-04 16:45:09'),
(456, 47.494734, 8.7169441, 2, 'bla', '2017-01-04 16:45:24'),
(457, 47.494734, 8.7169441, 2, 'bla', '2017-01-04 16:45:39'),
(458, 47.494734, 8.7169441, 2, 'bla', '2017-01-04 16:45:54'),
(459, 47.494734, 8.7169441, 2, 'bla', '2017-01-04 16:45:54'),
(460, 47.494734, 8.7169441, 2, 'bla', '2017-01-04 16:46:09'),
(461, 47.494734, 8.7169441, 2, 'bla', '2017-01-04 16:46:24'),
(462, 47.494734, 8.7169441, 2, 'bla', '2017-01-04 16:46:39'),
(463, 47.494734, 8.7169441, 2, 'bla', '2017-01-04 16:46:54'),
(464, 47.494734, 8.7169441, 2, 'bla', '2017-01-04 16:46:54'),
(465, 47.494734, 8.7169441, 2, 'bla', '2017-01-04 16:47:09'),
(466, 47.494734, 8.7169441, 2, 'bla', '2017-01-04 16:47:24'),
(467, 47.494734, 8.7169441, 2, 'bla', '2017-01-04 16:47:39'),
(468, 47.494734, 8.7169441, 2, 'bla', '2017-01-04 16:47:54'),
(469, 47.494734, 8.7169441, 2, 'bla', '2017-01-04 16:47:54'),
(470, 47.494734, 8.7169441, 2, 'bla', '2017-01-04 16:48:09'),
(471, 47.494734, 8.7169441, 2, 'bla', '2017-01-04 16:48:24'),
(472, 47.494734, 8.7169441, 2, 'bla', '2017-01-04 16:48:39'),
(473, 47.494734, 8.7169441, 2, 'bla', '2017-01-04 16:48:54'),
(474, 47.494734, 8.7169441, 2, 'bla', '2017-01-04 16:48:54'),
(475, 47.494734, 8.7169441, 2, 'bla', '2017-01-04 16:49:09'),
(476, 47.494734, 8.7169441, 2, 'bla', '2017-01-04 16:49:24'),
(477, 47.494734, 8.7169441, 2, 'bla', '2017-01-04 16:49:39'),
(478, 47.494734, 8.7169441, 2, 'bla', '2017-01-04 16:49:54'),
(479, 47.494734, 8.7169441, 2, 'bla', '2017-01-04 16:49:54'),
(480, 47.494734, 8.7169441, 2, 'bla', '2017-01-04 16:50:09'),
(481, 47.494734, 8.7169441, 2, 'bla', '2017-01-04 16:50:24'),
(482, 47.494734, 8.7169441, 2, 'bla', '2017-01-04 16:50:39'),
(483, 47.494734, 8.7169441, 2, 'bla', '2017-01-04 16:50:54'),
(484, 47.494734, 8.7169441, 2, 'bla', '2017-01-04 16:50:54'),
(485, 47.494734, 8.7169441, 2, 'bla', '2017-01-04 16:51:09'),
(486, 47.494734, 8.7169441, 2, 'bla', '2017-01-04 16:51:24'),
(487, 47.494734, 8.7169441, 2, 'bla', '2017-01-04 16:51:39'),
(488, 47.494734, 8.7169441, 2, 'bla', '2017-01-04 16:51:54'),
(489, 47.494734, 8.7169441, 2, 'bla', '2017-01-04 16:51:54'),
(490, 47.494734, 8.7169441, 2, 'bla', '2017-01-04 16:52:09'),
(491, 47.494734, 8.7169441, 2, 'bla', '2017-01-04 16:52:24'),
(492, 47.494734, 8.7169441, 2, 'bla', '2017-01-04 16:52:39'),
(493, 47.494734, 8.7169441, 2, 'bla', '2017-01-04 16:52:54'),
(494, 47.494734, 8.7169441, 2, 'bla', '2017-01-04 16:52:54'),
(495, 47.4947331, 8.7169393, 2, 'bla', '2017-01-04 16:53:09'),
(496, 47.4947331, 8.7169393, 2, 'bla', '2017-01-04 16:53:24'),
(497, 47.4947331, 8.7169393, 2, 'bla', '2017-01-04 16:53:39'),
(498, 47.4947331, 8.7169393, 2, 'bla', '2017-01-04 16:53:54'),
(499, 47.4947331, 8.7169393, 2, 'bla', '2017-01-04 16:53:54'),
(500, 47.4947331, 8.7169393, 2, 'bla', '2017-01-04 16:54:09'),
(501, 47.4947331, 8.7169393, 2, 'bla', '2017-01-04 16:54:24'),
(502, 47.4947331, 8.7169393, 2, 'bla', '2017-01-04 16:54:39'),
(503, 47.4947331, 8.7169393, 2, 'bla', '2017-01-04 16:54:54'),
(504, 47.4947331, 8.7169393, 2, 'bla', '2017-01-04 16:54:54'),
(505, 47.4946997, 8.7169, 2, 'bla', '2017-01-04 16:55:09'),
(506, 47.4947092, 8.716913, 2, 'bla', '2017-01-04 16:55:24'),
(507, 47.4947092, 8.716913, 2, 'bla', '2017-01-04 16:55:39'),
(508, 47.4947092, 8.716913, 2, 'bla', '2017-01-04 16:55:54'),
(509, 47.4947092, 8.716913, 2, 'bla', '2017-01-04 16:55:54'),
(510, 47.4947092, 8.716913, 2, 'bla', '2017-01-04 16:56:09'),
(511, 47.4947092, 8.716913, 2, 'bla', '2017-01-04 16:56:24'),
(512, 47.4947092, 8.716913, 2, 'bla', '2017-01-04 16:56:39'),
(513, 47.4947092, 8.716913, 2, 'bla', '2017-01-04 16:56:54'),
(514, 47.4947092, 8.716913, 2, 'bla', '2017-01-04 16:56:54'),
(515, 47.4947092, 8.716913, 2, 'bla', '2017-01-04 16:57:09'),
(516, 47.4947092, 8.716913, 2, 'bla', '2017-01-04 16:57:24'),
(517, 47.4947233, 8.7169394, 2, 'bla', '2017-01-04 16:57:39'),
(518, 47.4947233, 8.7169394, 2, 'bla', '2017-01-04 16:57:54'),
(519, 47.4947233, 8.7169394, 2, 'bla', '2017-01-04 16:57:54'),
(520, 47.4947233, 8.7169394, 2, 'bla', '2017-01-04 16:58:09'),
(521, 47.4947233, 8.7169394, 2, 'bla', '2017-01-04 16:58:24'),
(522, 47.4947233, 8.7169394, 2, 'bla', '2017-01-04 16:58:39'),
(523, 47.4947233, 8.7169394, 2, 'bla', '2017-01-04 16:58:54'),
(524, 47.4947233, 8.7169394, 2, 'bla', '2017-01-04 16:58:54'),
(525, 47.4947233, 8.7169394, 2, 'bla', '2017-01-04 16:59:09'),
(526, 47.4947233, 8.7169394, 2, 'bla', '2017-01-04 16:59:24'),
(527, 47.4947049, 8.7169223, 2, 'bla', '2017-01-04 16:59:39'),
(528, 47.4947049, 8.7169223, 2, 'bla', '2017-01-04 16:59:54'),
(529, 47.4947049, 8.7169223, 2, 'bla', '2017-01-04 16:59:54'),
(530, 47.4947049, 8.7169223, 2, 'bla', '2017-01-04 17:00:09'),
(531, 47.4947049, 8.7169223, 2, 'bla', '2017-01-04 17:00:24'),
(532, 47.4947049, 8.7169223, 2, 'bla', '2017-01-04 17:00:39'),
(533, 47.4947049, 8.7169223, 2, 'bla', '2017-01-04 17:00:54'),
(534, 47.4947049, 8.7169223, 2, 'bla', '2017-01-04 17:00:54'),
(535, 47.4947049, 8.7169223, 2, 'bla', '2017-01-04 17:01:09'),
(536, 47.4947049, 8.7169223, 2, 'bla', '2017-01-04 17:01:24'),
(537, 47.4947049, 8.7169223, 2, 'bla', '2017-01-04 17:01:39'),
(538, 47.4947159, 8.7169313, 2, 'bla', '2017-01-04 17:01:54'),
(539, 47.4947159, 8.7169313, 2, 'bla', '2017-01-04 17:01:54'),
(540, 47.4947159, 8.7169313, 2, 'bla', '2017-01-04 17:02:09'),
(541, 47.4947159, 8.7169313, 2, 'bla', '2017-01-04 17:02:24'),
(542, 47.4947159, 8.7169313, 2, 'bla', '2017-01-04 17:02:39'),
(543, 47.4947159, 8.7169313, 2, 'bla', '2017-01-04 17:02:54'),
(544, 47.4947159, 8.7169313, 2, 'bla', '2017-01-04 17:02:54'),
(545, 47.4947159, 8.7169313, 2, 'bla', '2017-01-04 17:03:09'),
(546, 47.4947159, 8.7169313, 2, 'bla', '2017-01-04 17:03:24'),
(547, 47.4947159, 8.7169313, 2, 'bla', '2017-01-04 17:03:39'),
(548, 47.4947159, 8.7169313, 2, 'bla', '2017-01-04 17:03:54'),
(549, 47.4947159, 8.7169313, 2, 'bla', '2017-01-04 17:03:54'),
(550, 47.4947159, 8.7169313, 2, 'bla', '2017-01-04 17:04:09'),
(551, 47.4947227, 8.7169178, 3, 'Samichlaus', '2017-01-04 18:41:38'),
(552, 47.4947227, 8.7169178, 3, 'Samichlaus', '2017-01-04 18:41:46'),
(553, 47.4947227, 8.7169178, 3, 'Samichlaus', '2017-01-04 18:41:46'),
(554, 47.4947227, 8.7169178, 3, 'Samichlaus', '2017-01-04 18:41:46'),
(555, 47.4947227, 8.7169178, 3, 'Samichlaus', '2017-01-04 18:41:51'),
(556, 47.4947227, 8.7169178, 3, 'Samichlaus', '2017-01-04 18:41:53'),
(557, 47.4947227, 8.7169178, 3, 'Samichlaus', '2017-01-04 18:42:01'),
(558, 47.4947227, 8.7169178, 3, 'Samichlaus', '2017-01-04 18:42:08'),
(559, 47.4947227, 8.7169178, 3, 'Samichlaus', '2017-01-04 18:42:23'),
(560, 47.4947227, 8.7169178, 3, 'Samichlaus', '2017-01-04 18:42:23'),
(561, 47.4947227, 8.7169178, 3, 'Samichlaus', '2017-01-04 18:42:38'),
(562, 47.4947227, 8.7169178, 3, 'Samichlaus', '2017-01-04 18:42:53'),
(563, 47.4947227, 8.7169178, 3, 'Samichlaus', '2017-01-04 18:43:08'),
(564, 47.4947227, 8.7169178, 3, 'Samichlaus', '2017-01-04 18:43:23'),
(565, 47.4947227, 8.7169178, 3, 'Samichlaus', '2017-01-04 18:43:23'),
(566, 47.4947176, 8.7169537, 3, 'Samichlaus', '2017-01-04 18:43:38'),
(567, 47.4947295, 8.716904, 3, 'Samichlaus', '2017-01-04 18:43:53'),
(568, 47.4947295, 8.716904, 3, 'Samichlaus', '2017-01-04 18:44:08'),
(569, 47.4947295, 8.716904, 3, 'Samichlaus', '2017-01-04 18:44:23'),
(570, 47.4947295, 8.716904, 3, 'Samichlaus', '2017-01-04 18:44:23'),
(571, 47.4947295, 8.716904, 3, 'Samichlaus', '2017-01-04 18:44:38'),
(572, 47.4947295, 8.716904, 3, 'Samichlaus', '2017-01-04 18:44:53'),
(573, 47.4947295, 8.716904, 3, 'Samichlaus', '2017-01-04 18:45:08'),
(574, 47.4947295, 8.716904, 3, 'Samichlaus', '2017-01-04 18:45:23'),
(575, 47.4947295, 8.716904, 3, 'Samichlaus', '2017-01-04 18:45:23'),
(576, 47.4947295, 8.716904, 3, 'Samichlaus', '2017-01-04 18:45:38'),
(577, 47.4947295, 8.716904, 3, 'Samichlaus', '2017-01-04 18:45:53'),
(578, 47.4947186, 8.7169426, 3, 'Samichlaus', '2017-01-04 18:46:08'),
(579, 47.4947186, 8.7169426, 3, 'Samichlaus', '2017-01-04 18:46:23'),
(580, 47.4947186, 8.7169426, 3, 'Samichlaus', '2017-01-04 18:46:23'),
(581, 47.4947186, 8.7169426, 3, 'Samichlaus', '2017-01-04 18:46:38'),
(582, 47.4947186, 8.7169426, 3, 'Samichlaus', '2017-01-04 18:46:53'),
(583, 47.4947186, 8.7169426, 3, 'Samichlaus', '2017-01-04 18:47:08'),
(584, 47.4947186, 8.7169426, 3, 'Samichlaus', '2017-01-04 18:47:23'),
(585, 47.4947186, 8.7169426, 3, 'Samichlaus', '2017-01-04 18:47:23'),
(586, 47.4947186, 8.7169426, 3, 'Samichlaus', '2017-01-04 18:47:38'),
(587, 47.4947186, 8.7169426, 3, 'Samichlaus', '2017-01-04 18:47:53'),
(588, 47.4947177, 8.7169391, 3, 'Samichlaus', '2017-01-04 18:48:08'),
(589, 47.4947177, 8.7169391, 3, 'Samichlaus', '2017-01-04 18:48:23'),
(590, 47.4947177, 8.7169391, 3, 'Samichlaus', '2017-01-04 18:48:23'),
(591, 47.4947177, 8.7169391, 3, 'Samichlaus', '2017-01-04 18:48:38'),
(592, 47.4947177, 8.7169391, 3, 'Samichlaus', '2017-01-04 18:48:53'),
(593, 47.4947177, 8.7169391, 3, 'Samichlaus', '2017-01-04 18:49:08'),
(594, 47.4947177, 8.7169391, 3, 'Samichlaus', '2017-01-04 18:49:23'),
(595, 47.4947177, 8.7169391, 3, 'Samichlaus', '2017-01-04 18:49:23'),
(596, 47.4947177, 8.7169391, 3, 'Samichlaus', '2017-01-04 18:49:38'),
(597, 47.4947177, 8.7169391, 3, 'Samichlaus', '2017-01-04 18:49:53'),
(598, 47.4947177, 8.7169391, 3, 'Samichlaus', '2017-01-04 18:50:08'),
(599, 47.4947219, 8.7169021, 3, 'Samichlaus', '2017-01-04 18:50:23'),
(600, 47.4947219, 8.7169021, 3, 'Samichlaus', '2017-01-04 18:50:23'),
(601, 47.4947219, 8.7169021, 3, 'Samichlaus', '2017-01-04 18:50:38'),
(602, 47.4947219, 8.7169021, 3, 'Samichlaus', '2017-01-04 18:50:53'),
(603, 47.4947219, 8.7169021, 3, 'Samichlaus', '2017-01-04 18:51:08'),
(604, 47.4947219, 8.7169021, 3, 'Samichlaus', '2017-01-04 18:51:23'),
(605, 47.4947219, 8.7169021, 3, 'Samichlaus', '2017-01-04 18:51:23'),
(606, 47.4947219, 8.7169021, 3, 'Samichlaus', '2017-01-04 18:51:38'),
(607, 47.4947219, 8.7169021, 3, 'Samichlaus', '2017-01-04 18:51:53'),
(608, 47.4947219, 8.7169021, 3, 'Samichlaus', '2017-01-04 18:52:08'),
(609, 47.4947219, 8.7169021, 3, 'Samichlaus', '2017-01-04 18:52:23'),
(610, 47.4947219, 8.7169021, 3, 'Samichlaus', '2017-01-04 18:52:23'),
(611, 47.4947134, 8.7169493, 3, 'Samichlaus', '2017-01-04 18:52:38'),
(612, 47.4947134, 8.7169493, 3, 'Samichlaus', '2017-01-04 18:52:53'),
(613, 47.4947134, 8.7169493, 3, 'Samichlaus', '2017-01-04 18:53:08'),
(614, 47.4947134, 8.7169493, 3, 'Samichlaus', '2017-01-04 18:53:23'),
(615, 47.4947134, 8.7169493, 3, 'Samichlaus', '2017-01-04 18:53:23'),
(616, 47.4947134, 8.7169493, 3, 'Samichlaus', '2017-01-04 18:53:38'),
(617, 47.4947134, 8.7169493, 3, 'Samichlaus', '2017-01-04 18:53:53'),
(618, 47.4947134, 8.7169493, 3, 'Samichlaus', '2017-01-04 18:54:08'),
(619, 47.4947134, 8.7169493, 3, 'Samichlaus', '2017-01-04 18:54:23'),
(620, 47.4947134, 8.7169493, 3, 'Samichlaus', '2017-01-04 18:54:23'),
(621, 47.494724, 8.7169148, 3, 'Samichlaus', '2017-01-04 18:54:38'),
(622, 47.494724, 8.7169148, 3, 'Samichlaus', '2017-01-04 18:54:53'),
(623, 47.494724, 8.7169148, 3, 'Samichlaus', '2017-01-04 18:55:08'),
(624, 47.494724, 8.7169148, 3, 'Samichlaus', '2017-01-04 18:55:23'),
(625, 47.494724, 8.7169148, 3, 'Samichlaus', '2017-01-04 18:55:23'),
(626, 47.494724, 8.7169148, 3, 'Samichlaus', '2017-01-04 18:55:38'),
(627, 47.494724, 8.7169148, 3, 'Samichlaus', '2017-01-04 18:55:53'),
(628, 47.494724, 8.7169148, 3, 'Samichlaus', '2017-01-04 18:56:08'),
(629, 47.494724, 8.7169148, 3, 'Samichlaus', '2017-01-04 18:56:23'),
(630, 47.494724, 8.7169148, 3, 'Samichlaus', '2017-01-04 18:56:23'),
(631, 47.494724, 8.7169148, 3, 'Samichlaus', '2017-01-04 18:56:38'),
(632, 47.4947015, 8.7169512, 3, 'Samichlaus', '2017-01-04 18:56:53'),
(633, 47.4947015, 8.7169512, 3, 'Samichlaus', '2017-01-04 18:57:08'),
(634, 47.4947015, 8.7169512, 3, 'Samichlaus', '2017-01-04 18:57:23'),
(635, 47.4947015, 8.7169512, 3, 'Samichlaus', '2017-01-04 18:57:23'),
(636, 47.4947015, 8.7169512, 3, 'Samichlaus', '2017-01-04 18:57:38'),
(637, 47.4935739, 8.7091678, 4, 'Jsjdh', '2017-01-04 21:39:56'),
(638, 47.4935739, 8.7091678, 4, 'Jsjdh', '2017-01-04 21:39:56'),
(639, 47.5049597, 8.718667, 4, 'Jsjdh', '2017-01-04 21:40:03'),
(640, 47.5049938, 8.7187254, 4, 'Jsjdh', '2017-01-04 21:40:18'),
(641, 47.5049938, 8.7187254, 4, 'Jsjdh', '2017-01-04 21:40:18'),
(642, 47.5049938, 8.7187254, 4, 'Jsjdh', '2017-01-04 21:40:33'),
(643, 47.5049938, 8.7187254, 4, 'Jsjdh', '2017-01-04 21:40:48'),
(644, 47.5049938, 8.7187254, 4, 'Jsjdh', '2017-01-04 21:41:03'),
(645, 47.5049938, 8.7187254, 4, 'Jsjdh', '2017-01-04 21:41:18'),
(646, 47.5049938, 8.7187254, 4, 'Jsjdh', '2017-01-04 21:41:18'),
(647, 47.5049938, 8.7187254, 4, 'Jsjdh', '2017-01-04 21:41:33'),
(648, 47.5049938, 8.7187254, 4, 'Jsjdh', '2017-01-04 21:41:48'),
(649, 47.5049938, 8.7187254, 4, 'Jsjdh', '2017-01-04 21:42:01'),
(650, 47.5049938, 8.7187254, 4, 'Jsjdh', '2017-01-04 21:42:01'),
(651, 47.5049938, 8.7187254, 4, 'Jsjdh', '2017-01-04 21:42:03'),
(652, 47.5049938, 8.7187254, 4, 'Jsjdh', '2017-01-04 21:42:04'),
(653, 47.5049938, 8.7187254, 4, 'Jsjdh', '2017-01-04 21:42:04'),
(654, 47.5049938, 8.7187254, 4, 'Jsjdh', '2017-01-04 21:42:18'),
(655, 47.5049938, 8.7187254, 4, 'Jsjdh', '2017-01-04 21:42:18'),
(656, 47.5049938, 8.7187254, 4, 'Jsjdh', '2017-01-04 21:42:32'),
(657, 47.5049938, 8.7187254, 4, 'Jsjdh', '2017-01-04 21:42:33'),
(658, 47.5049938, 8.7187254, 4, 'Jsjdh', '2017-01-04 21:42:33'),
(659, 47.5049938, 8.7187254, 4, 'Jsjdh', '2017-01-04 21:42:34'),
(660, 47.5049938, 8.7187254, 4, 'Jsjdh', '2017-01-04 21:42:48'),
(661, 47.5049938, 8.7187254, 4, 'Jsjdh', '2017-01-04 21:43:02'),
(662, 47.5049938, 8.7187254, 4, 'Jsjdh', '2017-01-04 21:43:03'),
(663, 47.5049938, 8.7187254, 4, 'Jsjdh', '2017-01-04 21:43:14'),
(664, 47.5049938, 8.7187254, 2, 'JJsb', '2017-01-04 21:43:44'),
(665, 47.5050764, 8.7186551, 2, 'JJsb', '2017-01-04 21:43:58'),
(666, 47.5050764, 8.7186551, 2, 'JJsb', '2017-01-04 21:43:59'),
(667, 47.5050764, 8.7186551, 2, 'JJsb', '2017-01-04 21:44:01'),
(668, 47.5050764, 8.7186551, 2, 'JJsb', '2017-01-04 21:44:01'),
(669, 47.5050764, 8.7186551, 2, 'JJsb', '2017-01-04 21:44:11'),
(670, 47.5050764, 8.7186551, 2, 'JJsb', '2017-01-04 21:44:13'),
(671, 47.5050764, 8.7186551, 2, 'JJsb', '2017-01-04 21:44:36'),
(672, 47.5050764, 8.7186551, 2, 'JJsb', '2017-01-04 21:44:36'),
(673, 47.5050764, 8.7186551, 2, 'JJsb', '2017-01-04 21:45:08'),
(674, 47.5050764, 8.7186551, 2, 'JJsb', '2017-01-04 21:46:03'),
(675, 47.5050764, 8.7186551, 2, 'JJsb', '2017-01-04 21:47:22'),
(676, 47.5050764, 8.7186551, 2, 'JJsb', '2017-01-04 21:50:51'),
(677, 47.5050764, 8.7186551, 2, 'JJsb', '2017-01-04 21:50:51'),
(678, 47.5050764, 8.7186551, 2, 'JJsb', '2017-01-04 21:53:17'),
(679, 47.5050764, 8.7186551, 2, 'JJsb', '2017-01-04 21:54:32'),
(680, 47.5050764, 8.7186551, 2, 'JJsb', '2017-01-04 21:57:36'),
(681, 47.5050764, 8.7186551, 2, 'JJsb', '2017-01-04 21:59:32'),
(682, 47.5050764, 8.7186551, 2, 'JJsb', '2017-01-04 21:59:32'),
(683, 47.5050764, 8.7186551, 2, 'JJsb', '2017-01-04 22:01:37'),
(684, 47.5050764, 8.7186551, 2, 'JJsb', '2017-01-04 22:03:17'),
(685, 47.5050764, 8.7186551, 2, 'JJsb', '2017-01-04 22:04:34'),
(686, 47.5050764, 8.7186551, 2, 'JJsb', '2017-01-04 22:09:32'),
(687, 47.5050764, 8.7186551, 2, 'JJsb', '2017-01-04 22:09:32'),
(688, 47.5050764, 8.7186551, 2, 'JJsb', '2017-01-04 22:11:22'),
(689, 47.5050764, 8.7186551, 2, 'JJsb', '2017-01-04 22:13:09'),
(690, 47.5050764, 8.7186551, 2, 'JJsb', '2017-01-04 22:15:02'),
(691, 47.5050764, 8.7186551, 2, 'JJsb', '2017-01-04 22:16:17'),
(692, 47.5050764, 8.7186551, 2, 'JJsb', '2017-01-04 22:16:17'),
(693, 47.5050764, 8.7186551, 2, 'JJsb', '2017-01-04 22:19:20'),
(694, 47.5050764, 8.7186551, 2, 'JJsb', '2017-01-04 22:23:57'),
(695, 47.5050764, 8.7186551, 2, 'JJsb', '2017-01-05 06:52:58'),
(696, 47.5050764, 8.7186551, 2, 'JJsb', '2017-01-05 06:52:58'),
(697, 47.5050764, 8.7186551, 2, 'JJsb', '2017-01-05 06:53:05'),
(698, 47.5050764, 8.7186551, 2, 'JJsb', '2017-01-05 06:53:05'),
(699, 47.5050764, 8.7186551, 2, 'JJsb', '2017-01-05 06:53:20'),
(700, 47.5050764, 8.7186551, 2, 'JJsb', '2017-01-05 06:53:35'),
(701, 47.5050764, 8.7186551, 2, 'JJsb', '2017-01-05 06:53:51'),
(702, 47.5050764, 8.7186551, 2, 'JJsb', '2017-01-05 06:54:05'),
(703, 47.5050764, 8.7186551, 2, 'JJsb', '2017-01-05 06:54:05'),
(704, 47.5050764, 8.7186551, 2, 'JJsb', '2017-01-05 06:54:20'),
(705, 47.5050764, 8.7186551, 2, 'JJsb', '2017-01-05 06:54:35'),
(706, 47.5050764, 8.7186551, 2, 'JJsb', '2017-01-05 06:54:50'),
(707, 47.5050764, 8.7186551, 2, 'JJsb', '2017-01-05 06:55:05'),
(708, 47.5050764, 8.7186551, 2, 'JJsb', '2017-01-05 06:55:05'),
(709, 47.5050764, 8.7186551, 2, 'JJsb', '2017-01-05 06:55:20'),
(710, 47.5050764, 8.7186551, 2, 'JJsb', '2017-01-05 06:55:35'),
(711, 47.5050764, 8.7186551, 2, 'JJsb', '2017-01-05 06:55:50'),
(712, 47.5050764, 8.7186551, 2, 'JJsb', '2017-01-05 06:56:06'),
(713, 47.5050764, 8.7186551, 2, 'JJsb', '2017-01-05 06:56:06'),
(714, 47.5050764, 8.7186551, 2, 'JJsb', '2017-01-05 06:56:20'),
(715, 47.5050764, 8.7186551, 2, 'JJsb', '2017-01-05 06:56:35'),
(716, 47.5050764, 8.7186551, 2, 'JJsb', '2017-01-05 06:56:50'),
(717, 47.5050764, 8.7186551, 2, 'JJsb', '2017-01-05 06:57:05'),
(718, 47.5050764, 8.7186551, 2, 'JJsb', '2017-01-05 06:57:05'),
(719, 47.5050764, 8.7186551, 2, 'JJsb', '2017-01-05 06:57:20'),
(720, 47.5050764, 8.7186551, 2, 'JJsb', '2017-01-05 06:57:35'),
(721, 47.5050764, 8.7186551, 2, 'JJsb', '2017-01-05 06:57:50'),
(722, 47.5050764, 8.7186551, 2, 'JJsb', '2017-01-05 07:49:18'),
(723, 47.5050764, 8.7186551, 2, 'JJsb', '2017-01-05 07:49:18'),
(724, 47.5049938, 8.7187254, 2, 'JJsb', '2017-01-05 07:49:24'),
(725, 47.5049938, 8.7187254, 2, 'JJsb', '2017-01-05 07:49:24'),
(726, 47.5049938, 8.7187254, 2, 'JJsb', '2017-01-05 07:49:39'),
(727, 47.5049938, 8.7187254, 2, 'JJsb', '2017-01-05 07:49:53'),
(728, 47.5049938, 8.7187254, 2, 'JJsb', '2017-01-05 07:50:08'),
(729, 47.5049938, 8.7187254, 2, 'JJsb', '2017-01-05 07:50:23'),
(730, 47.5049938, 8.7187254, 2, 'JJsb', '2017-01-05 07:50:23'),
(731, 47.5049938, 8.7187254, 2, 'JJsb', '2017-01-05 07:50:38'),
(732, 47.5049938, 8.7187254, 2, 'JJsb', '2017-01-05 07:50:53'),
(733, 47.5049938, 8.7187254, 2, 'JJsb', '2017-01-05 07:51:09'),
(734, 47.5049938, 8.7187254, 2, 'JJsb', '2017-01-05 07:51:23'),
(735, 47.5049938, 8.7187254, 2, 'JJsb', '2017-01-05 07:51:24'),
(736, 47.5049938, 8.7187254, 2, 'JJsb', '2017-01-05 07:51:39'),
(737, 47.5049938, 8.7187254, 2, 'JJsb', '2017-01-05 07:51:53'),
(738, 47.5049938, 8.7187254, 2, 'JJsb', '2017-01-05 07:52:09'),
(739, 47.5049938, 8.7187254, 2, 'JJsb', '2017-01-05 07:52:23'),
(740, 47.5049938, 8.7187254, 2, 'JJsb', '2017-01-05 07:52:23'),
(741, 47.5049938, 8.7187254, 2, 'JJsb', '2017-01-05 07:52:38'),
(742, 47.5049938, 8.7187254, 2, 'JJsb', '2017-01-05 07:52:53'),
(743, 47.5049938, 8.7187254, 2, 'JJsb', '2017-01-05 07:53:08'),
(744, 47.5049938, 8.7187254, 2, 'JJsb', '2017-01-05 07:53:23'),
(745, 47.5049938, 8.7187254, 2, 'JJsb', '2017-01-05 07:53:23'),
(746, 47.5049938, 8.7187254, 2, 'JJsb', '2017-01-05 07:53:38'),
(747, 47.5049938, 8.7187254, 2, 'JJsb', '2017-01-05 07:53:53'),
(748, 47.5049938, 8.7187254, 2, 'JJsb', '2017-01-05 07:54:08'),
(749, 47.4947607, 8.7166762, 3, 'Maimu', '2017-01-05 13:18:12'),
(750, 47.4950483, 8.7169561, 3, 'Maimu', '2017-01-05 13:18:35'),
(751, 47.4952191, 8.717248, 3, 'Maimu', '2017-01-05 13:18:38'),
(752, 47.4952874, 8.7173648, 3, 'Maimu', '2017-01-05 13:18:54'),
(753, 47.4952874, 8.7173648, 3, 'Maimu', '2017-01-05 13:18:55'),
(754, 47.4953073, 8.7176102, 3, 'Maimu', '2017-01-05 13:19:09'),
(755, 47.4952802, 8.7174583, 3, 'Maimu', '2017-01-05 13:20:24'),
(756, 47.4952802, 8.7174583, 3, 'Maimu', '2017-01-05 13:24:13'),
(757, 47.4952802, 8.7174583, 3, 'Maimu', '2017-01-05 13:29:24'),
(758, 47.4952802, 8.7174583, 3, 'Maimu', '2017-01-05 13:29:24'),
(759, 47.4952802, 8.7174583, 3, 'Maimu', '2017-01-05 13:33:28'),
(760, 47.4952802, 8.7174583, 3, 'Maimu', '2017-01-05 13:38:50'),
(761, 47.4964576, 8.7187302, 3, 'Maimu', '2017-01-05 13:39:03'),
(762, 47.4964576, 8.7187302, 3, 'Maimu', '2017-01-05 13:39:19'),
(763, 47.4964576, 8.7187302, 3, 'Maimu', '2017-01-05 13:39:20'),
(764, 47.4964576, 8.7187302, 3, 'Maimu', '2017-01-05 13:39:34'),
(765, 47.4964576, 8.7187302, 3, 'Maimu', '2017-01-05 13:39:58'),
(766, 47.4964576, 8.7187302, 3, 'Maimu', '2017-01-05 13:40:13'),
(767, 47.4964576, 8.7187302, 3, 'Maimu', '2017-01-05 13:40:13'),
(768, 47.4964576, 8.7187302, 3, 'Maimu', '2017-01-05 13:40:13'),
(769, 47.4964576, 8.7187302, 3, 'Maimu', '2017-01-05 13:40:16'),
(770, 47.4964576, 8.7187302, 3, 'Maimu', '2017-01-05 13:40:29'),
(771, 47.4964576, 8.7187302, 3, 'Maimu', '2017-01-05 13:40:44'),
(772, 47.4964576, 8.7187302, 3, 'Maimu', '2017-01-05 13:40:45'),
(773, 47.4964576, 8.7187302, 3, 'Maimu', '2017-01-05 13:40:59'),
(774, 47.4964576, 8.7187302, 3, 'Maimu', '2017-01-05 13:41:31'),
(775, 47.4964576, 8.7187302, 3, 'Maimu', '2017-01-05 13:41:41'),
(776, 47.4964576, 8.7187302, 3, 'Maimu', '2017-01-05 13:41:45'),
(777, 47.4964576, 8.7187302, 3, 'Maimu', '2017-01-05 13:42:00'),
(778, 47.4964576, 8.7187302, 3, 'Maimu', '2017-01-05 13:42:00'),
(779, 47.4964576, 8.7187302, 3, 'Maimu', '2017-01-05 13:42:16'),
(780, 47.4964576, 8.7187302, 3, 'Maimu', '2017-01-05 13:42:31'),
(781, 47.4964576, 8.7187302, 3, 'Maimu', '2017-01-05 13:42:45'),
(782, 47.4964576, 8.7187302, 3, 'Maimu', '2017-01-05 13:43:01'),
(783, 47.4964576, 8.7187302, 3, 'Maimu', '2017-01-05 13:43:02'),
(784, 47.4964576, 8.7187302, 3, 'Maimu', '2017-01-05 13:43:16'),
(785, 47.4965601, 8.7189053, 3, 'Maimu', '2017-01-05 13:43:30'),
(786, 47.4965601, 8.7189053, 3, 'Maimu', '2017-01-05 13:43:46'),
(787, 47.4965601, 8.7189053, 3, 'Maimu', '2017-01-05 13:44:01'),
(788, 47.4965601, 8.7189053, 3, 'Maimu', '2017-01-05 13:44:02'),
(789, 47.4965601, 8.7189053, 3, 'Maimu', '2017-01-05 13:46:33'),
(790, 47.4965601, 8.7189053, 3, 'Maimu', '2017-01-05 13:49:33'),
(791, 47.4965601, 8.7189053, 3, 'Maimu', '2017-01-05 13:52:38'),
(792, 47.4965601, 8.7189053, 3, 'Maimu', '2017-01-05 13:53:43'),
(793, 47.4965601, 8.7189053, 3, 'Maimu', '2017-01-05 13:53:43'),
(794, 47.4965601, 8.7189053, 3, 'Maimu', '2017-01-05 13:58:31'),
(795, 47.4965601, 8.7189053, 3, 'Maimu', '2017-01-05 13:59:32'),
(796, 47.4965601, 8.7189053, 3, 'Maimu', '2017-01-05 13:59:55'),
(797, 47.4965601, 8.7189053, 3, 'Maimu', '2017-01-05 14:03:21'),
(798, 47.4965601, 8.7189053, 3, 'Maimu', '2017-01-05 14:03:21'),
(799, 47.4965601, 8.7189053, 3, 'Maimu', '2017-01-05 14:07:06'),
(800, 47.4965601, 8.7189053, 3, 'Maimu', '2017-01-05 14:09:12'),
(801, 47.4965601, 8.7189053, 3, 'Maimu', '2017-01-05 14:11:09'),
(802, 47.4965601, 8.7189053, 3, 'Maimu', '2017-01-05 14:12:56'),
(803, 47.4965601, 8.7189053, 3, 'Maimu', '2017-01-05 14:12:56');
INSERT INTO `teamposition` (`tp_ID`, `team_lat`, `team_long`, `t_ID`, `player`, `timestamp`) VALUES
(804, 47.4965601, 8.7189053, 3, 'Maimu', '2017-01-05 14:14:49'),
(805, 47.4965601, 8.7189053, 3, 'Maimu', '2017-01-05 14:15:37'),
(806, 47.4965601, 8.7189053, 3, 'Maimu', '2017-01-05 14:19:59'),
(807, 47.4965601, 8.7189053, 3, 'Maimu', '2017-01-05 14:23:03'),
(808, 47.4965601, 8.7189053, 3, 'Maimu', '2017-01-05 14:23:03'),
(809, 47.4965601, 8.7189053, 3, 'Maimu', '2017-01-05 14:36:19'),
(810, 47.4965601, 8.7189053, 3, 'Maimu', '2017-01-05 14:39:40'),
(811, 47.4965601, 8.7189053, 3, 'Maimu', '2017-01-05 14:49:12'),
(812, 47.4965601, 8.7189053, 3, 'Maimu', '2017-01-05 14:50:30'),
(813, 47.4965601, 8.7189053, 3, 'Maimu', '2017-01-05 14:50:31'),
(814, 47.4946893, 8.7168971, 1, 'asdf', '2017-01-05 19:03:52'),
(815, 47.4946893, 8.7168971, 1, 'asdf', '2017-01-05 19:03:53'),
(816, 47.4946893, 8.7168971, 1, 'asdf', '2017-01-05 19:04:09'),
(817, 47.4946893, 8.7168971, 1, 'asdf', '2017-01-05 19:04:09'),
(818, 47.4946893, 8.7168971, 1, 'asdf', '2017-01-05 19:04:24'),
(819, 47.4946893, 8.7168971, 1, 'asdf', '2017-01-05 19:04:39'),
(820, 47.4946893, 8.7168971, 1, 'asdf', '2017-01-05 19:04:54'),
(821, 47.4946893, 8.7168971, 1, 'asdf', '2017-01-05 19:05:09'),
(822, 47.4946893, 8.7168971, 1, 'asdf', '2017-01-05 19:05:09'),
(823, 47.4947112, 8.7169037, 1, 'asdf', '2017-01-05 19:05:24'),
(824, 47.4947112, 8.7169037, 1, 'asdf', '2017-01-05 19:05:39'),
(825, 47.4947112, 8.7169037, 1, 'asdf', '2017-01-05 19:05:54'),
(826, 47.4947112, 8.7169037, 1, 'asdf', '2017-01-05 19:06:09'),
(827, 47.4947112, 8.7169037, 1, 'asdf', '2017-01-05 19:06:09'),
(828, 47.4947112, 8.7169037, 1, 'asdf', '2017-01-05 19:06:24'),
(829, 47.4947112, 8.7169037, 1, 'asdf', '2017-01-05 19:06:39'),
(830, 47.4947263, 8.716917, 1, 'asdf', '2017-01-05 19:06:54'),
(831, 47.4947263, 8.716917, 1, 'asdf', '2017-01-05 19:07:09'),
(832, 47.4947263, 8.716917, 1, 'asdf', '2017-01-05 19:07:09'),
(833, 47.4947263, 8.716917, 1, 'asdf', '2017-01-05 19:07:24'),
(834, 47.4947263, 8.716917, 1, 'asdf', '2017-01-05 19:07:39'),
(835, 47.4947263, 8.716917, 1, 'asdf', '2017-01-05 19:07:54'),
(836, 47.4947263, 8.716917, 1, 'asdf', '2017-01-05 19:08:09'),
(837, 47.4947263, 8.716917, 1, 'asdf', '2017-01-05 19:08:09'),
(838, 47.4947263, 8.716917, 1, 'asdf', '2017-01-05 19:08:24'),
(839, 47.4947263, 8.716917, 1, 'asdf', '2017-01-05 19:08:39'),
(840, 47.4947263, 8.716917, 1, 'asdf', '2017-01-05 19:08:54'),
(841, 47.4947263, 8.716917, 1, 'asdf', '2017-01-05 19:09:09'),
(842, 47.4947263, 8.716917, 1, 'asdf', '2017-01-05 19:09:09'),
(843, 47.4947263, 8.716917, 1, 'asdf', '2017-01-05 19:09:24'),
(844, 47.4947263, 8.716917, 1, 'asdf', '2017-01-05 19:09:39'),
(845, 47.4947263, 8.716917, 1, 'asdf', '2017-01-05 19:09:54'),
(846, 47.4947231, 8.716903, 1, 'asdf', '2017-01-05 19:10:09'),
(847, 47.4947231, 8.716903, 1, 'asdf', '2017-01-05 19:10:09'),
(848, 47.4947231, 8.716903, 1, 'asdf', '2017-01-05 19:10:24'),
(849, 47.4947231, 8.716903, 1, 'asdf', '2017-01-05 19:10:39'),
(850, 47.4947231, 8.716903, 1, 'asdf', '2017-01-05 19:10:54'),
(851, 47.4947231, 8.716903, 1, 'asdf', '2017-01-05 19:11:09'),
(852, 47.4947231, 8.716903, 1, 'asdf', '2017-01-05 19:11:09'),
(853, 47.4947231, 8.716903, 1, 'asdf', '2017-01-05 19:11:24'),
(854, 47.4947231, 8.716903, 1, 'asdf', '2017-01-05 19:11:39'),
(855, 47.4947231, 8.716903, 1, 'asdf', '2017-01-05 19:11:54'),
(856, 47.4947231, 8.716903, 1, 'asdf', '2017-01-05 19:12:09'),
(857, 47.4947231, 8.716903, 1, 'asdf', '2017-01-05 19:12:09'),
(858, 47.4947231, 8.716903, 1, 'asdf', '2017-01-05 19:12:24'),
(859, 47.4947231, 8.716903, 1, 'asdf', '2017-01-05 19:12:39'),
(860, 47.4947231, 8.716903, 1, 'asdf', '2017-01-05 19:12:54'),
(861, 47.4947231, 8.716903, 1, 'asdf', '2017-01-05 19:13:09'),
(862, 47.4947231, 8.716903, 1, 'asdf', '2017-01-05 19:13:09'),
(863, 47.4947231, 8.716903, 1, 'asdf', '2017-01-05 19:13:24'),
(864, 47.4947231, 8.716903, 1, 'asdf', '2017-01-05 19:13:39'),
(865, 47.4947231, 8.716903, 1, 'asdf', '2017-01-05 19:13:54'),
(866, 47.4947231, 8.716903, 1, 'asdf', '2017-01-05 19:14:09'),
(867, 47.4947231, 8.716903, 1, 'asdf', '2017-01-05 19:14:09'),
(868, 47.4947231, 8.716903, 1, 'asdf', '2017-01-05 19:14:24'),
(869, 47.4947231, 8.716903, 1, 'asdf', '2017-01-05 19:14:39'),
(870, 47.4947231, 8.716903, 1, 'asdf', '2017-01-05 19:14:54'),
(871, 47.4947231, 8.716903, 1, 'asdf', '2017-01-05 19:15:09'),
(872, 47.4947231, 8.716903, 1, 'asdf', '2017-01-05 19:15:09'),
(873, 47.4947231, 8.716903, 1, 'asdf', '2017-01-05 19:15:24'),
(874, 47.4947231, 8.716903, 1, 'asdf', '2017-01-05 19:15:39'),
(875, 47.4947231, 8.716903, 1, 'asdf', '2017-01-05 19:15:54'),
(876, 47.4947231, 8.716903, 1, 'asdf', '2017-01-05 19:16:09'),
(877, 47.4947231, 8.716903, 1, 'asdf', '2017-01-05 19:16:09'),
(878, 47.4947231, 8.716903, 1, 'asdf', '2017-01-05 19:16:24'),
(879, 47.4947231, 8.716903, 1, 'asdf', '2017-01-05 19:16:39'),
(880, 47.4947231, 8.716903, 1, 'asdf', '2017-01-05 19:16:54'),
(881, 47.4947231, 8.716903, 1, 'asdf', '2017-01-05 19:17:09'),
(882, 47.4947231, 8.716903, 1, 'asdf', '2017-01-05 19:17:09'),
(883, 47.4947231, 8.716903, 1, 'asdf', '2017-01-05 19:17:24'),
(884, 47.4947231, 8.716903, 1, 'asdf', '2017-01-05 19:17:39'),
(885, 47.4947231, 8.716903, 1, 'asdf', '2017-01-05 19:17:54'),
(886, 47.4947231, 8.716903, 1, 'asdf', '2017-01-05 19:18:09'),
(887, 47.4947231, 8.716903, 1, 'asdf', '2017-01-05 19:18:09'),
(888, 47.4947231, 8.716903, 1, 'asdf', '2017-01-05 19:18:24'),
(889, 47.4947231, 8.716903, 1, 'asdf', '2017-01-05 19:18:39'),
(890, 47.4947231, 8.716903, 1, 'asdf', '2017-01-05 19:18:54'),
(891, 47.4947231, 8.716903, 1, 'asdf', '2017-01-05 19:19:09'),
(892, 47.4947231, 8.716903, 1, 'asdf', '2017-01-05 19:19:09'),
(893, 47.4947231, 8.716903, 1, 'asdf', '2017-01-05 19:19:24'),
(894, 47.4947231, 8.716903, 1, 'asdf', '2017-01-05 19:19:39'),
(895, 47.4947231, 8.716903, 1, 'asdf', '2017-01-05 19:19:54'),
(896, 47.4947231, 8.716903, 1, 'asdf', '2017-01-05 19:20:09'),
(897, 47.4947231, 8.716903, 1, 'asdf', '2017-01-05 19:20:09'),
(898, 47.4947231, 8.716903, 1, 'asdf', '2017-01-05 19:20:24'),
(899, 47.4947231, 8.716903, 1, 'asdf', '2017-01-05 19:20:39'),
(900, 47.4947231, 8.716903, 1, 'asdf', '2017-01-05 19:20:54'),
(901, 47.4947231, 8.716903, 1, 'asdf', '2017-01-05 19:21:09'),
(902, 47.4947231, 8.716903, 1, 'asdf', '2017-01-05 19:21:09'),
(903, 47.4947231, 8.716903, 1, 'asdf', '2017-01-05 19:21:24'),
(904, 47.4947231, 8.716903, 1, 'asdf', '2017-01-05 19:21:39'),
(905, 47.4947231, 8.716903, 1, 'asdf', '2017-01-05 19:21:54'),
(906, 47.4947231, 8.716903, 1, 'asdf', '2017-01-05 19:22:09'),
(907, 47.4947231, 8.716903, 1, 'asdf', '2017-01-05 19:22:09'),
(908, 47.4947231, 8.716903, 1, 'asdf', '2017-01-05 19:22:24'),
(909, 47.4947231, 8.716903, 1, 'asdf', '2017-01-05 19:22:39'),
(910, 47.4947231, 8.716903, 1, 'asdf', '2017-01-05 19:22:54'),
(911, 47.4947231, 8.716903, 1, 'asdf', '2017-01-05 19:23:09'),
(912, 47.4947231, 8.716903, 1, 'asdf', '2017-01-05 19:23:09'),
(913, 47.4947231, 8.716903, 1, 'asdf', '2017-01-05 19:23:24'),
(914, 47.4947234, 8.7168991, 1, 'asdf', '2017-01-05 19:23:38'),
(915, 47.4947234, 8.7168991, 1, 'asdf', '2017-01-05 19:23:54'),
(916, 47.4947225, 8.7168993, 1, 'asdf', '2017-01-05 19:24:08'),
(917, 47.4947225, 8.7168993, 1, 'asdf', '2017-01-05 19:24:08'),
(918, 47.4947225, 8.7168993, 1, 'asdf', '2017-01-05 19:24:24'),
(919, 47.4947225, 8.7168993, 1, 'asdf', '2017-01-05 19:24:39'),
(920, 47.4947225, 8.7168993, 1, 'asdf', '2017-01-05 19:24:54'),
(921, 47.4947282, 8.7168692, 1, 'asdf', '2017-01-05 19:25:01'),
(922, 47.4947282, 8.7168692, 1, 'asdf', '2017-01-05 19:25:08'),
(923, 47.4947282, 8.7168692, 1, 'asdf', '2017-01-05 19:25:08'),
(924, 47.4944385, 8.7137045, 1, 'asd', '2017-01-05 19:48:18'),
(925, 47.4944385, 8.7137045, 1, 'asd', '2017-01-05 19:48:33'),
(926, 47.4944385, 8.7137045, 1, 'asd', '2017-01-05 19:48:48'),
(927, 47.4944385, 8.7137045, 1, 'asd', '2017-01-05 19:49:03'),
(928, 47.4944385, 8.7137045, 1, 'asd', '2017-01-05 19:49:03'),
(929, 47.4944385, 8.7137045, 1, 'asd', '2017-01-05 19:49:18'),
(930, 47.4944385, 8.7137045, 1, 'asd', '2017-01-05 19:49:20'),
(931, 47.4944385, 8.7137045, 1, 'asd', '2017-01-05 19:49:33'),
(932, 47.4944385, 8.7137045, 1, 'asd', '2017-01-05 19:49:48'),
(933, 47.4944385, 8.7137045, 1, 'asd', '2017-01-05 19:50:03'),
(934, 47.4944385, 8.7137045, 1, 'asd', '2017-01-05 19:50:03'),
(935, 47.4944385, 8.7137045, 1, 'asd', '2017-01-05 19:50:18'),
(936, 47.4944385, 8.7137045, 1, 'asd', '2017-01-05 19:50:33'),
(937, 47.4944385, 8.7137045, 1, 'asd', '2017-01-05 19:50:48'),
(938, 47.4944385, 8.7137045, 1, 'asd', '2017-01-05 19:51:03'),
(939, 47.4944385, 8.7137045, 1, 'asd', '2017-01-05 19:51:03'),
(940, 47.4944385, 8.7137045, 1, 'asd', '2017-01-05 19:51:18'),
(941, 47.4944385, 8.7137045, 1, 'asd', '2017-01-05 19:51:33'),
(942, 47.4944385, 8.7137045, 1, 'asd', '2017-01-05 19:51:48'),
(943, 47.4944385, 8.7137045, 1, 'asd', '2017-01-05 19:52:03'),
(944, 47.4944385, 8.7137045, 1, 'asd', '2017-01-05 19:52:03'),
(945, 47.4944385, 8.7137045, 1, 'asd', '2017-01-05 19:52:18'),
(946, 47.4944385, 8.7137045, 1, 'asd', '2017-01-05 19:52:33'),
(947, 47.4944385, 8.7137045, 1, 'asd', '2017-01-05 19:52:48'),
(948, 47.4944385, 8.7137045, 1, 'asd', '2017-01-05 19:53:03'),
(949, 47.4944385, 8.7137045, 1, 'asd', '2017-01-05 19:53:03'),
(950, 47.4944385, 8.7137045, 1, 'asd', '2017-01-05 19:53:18'),
(951, 47.4944385, 8.7137045, 1, 'asd', '2017-01-05 19:53:33'),
(952, 47.4944385, 8.7137045, 1, 'asd', '2017-01-05 19:53:48'),
(953, 47.4944385, 8.7137045, 1, 'asd', '2017-01-05 19:54:03'),
(954, 47.4944385, 8.7137045, 1, 'asd', '2017-01-05 19:54:03'),
(955, 47.4944385, 8.7137045, 1, 'asd', '2017-01-05 19:54:18'),
(956, 47.4944385, 8.7137045, 1, 'asd', '2017-01-05 19:54:33'),
(957, 47.4944385, 8.7137045, 1, 'asd', '2017-01-05 19:54:48'),
(958, 47.4944385, 8.7137045, 1, 'asd', '2017-01-05 19:55:03'),
(959, 47.4944385, 8.7137045, 1, 'asd', '2017-01-05 19:55:03'),
(960, 47.4944385, 8.7137045, 1, 'asd', '2017-01-05 19:55:18'),
(961, 47.4944385, 8.7137045, 1, 'asd', '2017-01-05 19:55:33'),
(962, 47.4944385, 8.7137045, 1, 'asd', '2017-01-05 19:55:48'),
(963, 47.4944385, 8.7137045, 1, 'asd', '2017-01-05 19:56:03'),
(964, 47.4944385, 8.7137045, 1, 'asd', '2017-01-05 19:56:03'),
(965, 47.4944385, 8.7137045, 1, 'asd', '2017-01-05 19:56:18'),
(966, 47.4944385, 8.7137045, 1, 'asd', '2017-01-05 19:56:33'),
(967, 47.4944385, 8.7137045, 1, 'asd', '2017-01-05 19:56:48'),
(968, 47.4944385, 8.7137045, 1, 'asd', '2017-01-05 19:57:03'),
(969, 47.4944385, 8.7137045, 1, 'asd', '2017-01-05 19:57:03'),
(970, 47.4944385, 8.7137045, 1, 'asd', '2017-01-05 19:57:18'),
(971, 47.4944385, 8.7137045, 1, 'asd', '2017-01-05 19:57:33'),
(972, 47.4944385, 8.7137045, 1, 'asd', '2017-01-05 19:57:48'),
(973, 47.4944385, 8.7137045, 1, 'asd', '2017-01-05 19:58:03'),
(974, 47.4944385, 8.7137045, 1, 'asd', '2017-01-05 19:58:03'),
(975, 47.4944385, 8.7137045, 1, 'asd', '2017-01-05 19:58:18'),
(976, 47.4944385, 8.7137045, 1, 'asd', '2017-01-05 20:13:24'),
(977, 47.4944385, 8.7137045, 1, 'asd', '2017-01-05 20:13:39'),
(978, 47.4944385, 8.7137045, 1, 'asd', '2017-01-05 20:13:54'),
(979, 47.4944385, 8.7137045, 1, 'asd', '2017-01-05 20:13:54'),
(980, 47.4944385, 8.7137045, 1, 'asd', '2017-01-05 20:14:09'),
(981, 47.4944385, 8.7137045, 1, 'asd', '2017-01-05 20:14:24'),
(982, 47.4944385, 8.7137045, 1, 'asd', '2017-01-05 20:14:39'),
(983, 47.4944385, 8.7137045, 1, 'asd', '2017-01-05 20:14:54'),
(984, 47.4944385, 8.7137045, 1, 'asd', '2017-01-05 20:14:54'),
(985, 47.4944385, 8.7137045, 1, 'asd', '2017-01-05 20:15:09'),
(986, 47.4945749, 8.7135308, 1, 'asd', '2017-01-05 20:15:24'),
(987, 47.4945749, 8.7135308, 1, 'asd', '2017-01-05 20:15:39'),
(988, 47.4945749, 8.7135308, 1, 'asd', '2017-01-05 20:15:54'),
(989, 47.4945749, 8.7135308, 1, 'asd', '2017-01-05 20:15:54'),
(990, 47.4945749, 8.7135308, 1, 'asd', '2017-01-05 20:16:09'),
(991, 47.4945749, 8.7135308, 1, 'asd', '2017-01-05 20:16:24'),
(992, 47.4945749, 8.7135308, 1, 'asd', '2017-01-05 20:16:39'),
(993, 47.4945749, 8.7135308, 1, 'asd', '2017-01-05 20:16:54'),
(994, 47.4945749, 8.7135308, 1, 'asd', '2017-01-05 20:16:54'),
(995, 47.4945749, 8.7135308, 1, 'asd', '2017-01-05 20:17:09'),
(996, 47.4945699, 8.713581, 1, 'asd', '2017-01-05 20:17:24'),
(997, 47.4945699, 8.713581, 1, 'asd', '2017-01-05 20:17:39'),
(998, 47.4945699, 8.713581, 1, 'asd', '2017-01-05 20:17:54'),
(999, 47.4945699, 8.713581, 1, 'asd', '2017-01-05 20:17:54'),
(1000, 47.4945699, 8.713581, 1, 'asd', '2017-01-05 20:18:09'),
(1001, 47.4945699, 8.713581, 1, 'asd', '2017-01-05 20:18:24'),
(1002, 47.4945699, 8.713581, 1, 'asd', '2017-01-05 20:18:39'),
(1003, 47.4945699, 8.713581, 1, 'asd', '2017-01-05 20:18:54'),
(1004, 47.4945699, 8.713581, 1, 'asd', '2017-01-05 20:18:54'),
(1005, 47.4945699, 8.713581, 1, 'asd', '2017-01-05 20:19:09'),
(1006, 47.4945699, 8.713581, 1, 'asd', '2017-01-05 20:19:24'),
(1007, 47.4946005, 8.7135849, 1, 'asd', '2017-01-05 20:19:39'),
(1008, 47.4946005, 8.7135849, 1, 'asd', '2017-01-05 20:19:54'),
(1009, 47.4946005, 8.7135849, 1, 'asd', '2017-01-05 20:19:54'),
(1010, 47.4946005, 8.7135849, 1, 'asd', '2017-01-05 20:20:09'),
(1011, 47.4946005, 8.7135849, 1, 'asd', '2017-01-05 20:20:24'),
(1012, 47.4946005, 8.7135849, 1, 'asd', '2017-01-05 20:20:39'),
(1013, 47.4946005, 8.7135849, 1, 'asd', '2017-01-05 20:20:54'),
(1014, 47.4946005, 8.7135849, 1, 'asd', '2017-01-05 20:20:54'),
(1015, 47.4946005, 8.7135849, 1, 'asd', '2017-01-05 20:21:09'),
(1016, 47.4946005, 8.7135849, 1, 'asd', '2017-01-05 20:21:24'),
(1017, 47.4946005, 8.7135849, 1, 'asd', '2017-01-05 20:21:39'),
(1018, 47.4946005, 8.7135849, 1, 'asd', '2017-01-05 20:21:54'),
(1019, 47.4946005, 8.7135849, 1, 'asd', '2017-01-05 20:21:54'),
(1020, 47.4946005, 8.7135849, 1, 'asd', '2017-01-05 20:22:09'),
(1021, 47.4946005, 8.7135849, 1, 'asd', '2017-01-05 20:22:24'),
(1022, 47.4946005, 8.7135849, 1, 'asd', '2017-01-05 20:22:39'),
(1023, 47.4946005, 8.7135849, 1, 'asd', '2017-01-05 20:22:54'),
(1024, 47.4946005, 8.7135849, 1, 'asd', '2017-01-05 20:22:54'),
(1025, 47.4946005, 8.7135849, 1, 'asd', '2017-01-05 20:23:09'),
(1026, 47.4946005, 8.7135849, 1, 'asd', '2017-01-05 20:23:24'),
(1027, 47.4946005, 8.7135849, 1, 'asd', '2017-01-05 20:23:39'),
(1028, 47.4946005, 8.7135849, 1, 'asd', '2017-01-05 20:23:54'),
(1029, 47.4946005, 8.7135849, 1, 'asd', '2017-01-05 20:23:54'),
(1030, 47.4946005, 8.7135849, 1, 'asd', '2017-01-05 20:24:09'),
(1031, 47.4946005, 8.7135849, 1, 'asd', '2017-01-05 20:24:24'),
(1032, 47.4946005, 8.7135849, 1, 'asd', '2017-01-05 20:24:39'),
(1033, 47.4946005, 8.7135849, 1, 'asd', '2017-01-05 20:24:54'),
(1034, 47.4946005, 8.7135849, 1, 'asd', '2017-01-05 20:24:54'),
(1035, 47.4946005, 8.7135849, 1, 'asd', '2017-01-05 20:25:09'),
(1036, 47.4946005, 8.7135849, 1, 'asd', '2017-01-05 20:25:24'),
(1037, 47.4946005, 8.7135849, 1, 'asd', '2017-01-05 20:25:39'),
(1038, 47.4946005, 8.7135849, 1, 'asd', '2017-01-05 20:25:54'),
(1039, 47.4946005, 8.7135849, 1, 'asd', '2017-01-05 20:25:54'),
(1040, 47.4946005, 8.7135849, 1, 'asd', '2017-01-05 20:26:09'),
(1041, 47.4946005, 8.7135849, 1, 'asd', '2017-01-05 20:26:24'),
(1042, 47.4946005, 8.7135849, 1, 'asd', '2017-01-05 20:26:39'),
(1043, 47.4946005, 8.7135849, 1, 'asd', '2017-01-05 20:26:54'),
(1044, 47.4946005, 8.7135849, 1, 'asd', '2017-01-05 20:26:54'),
(1045, 47.4946005, 8.7135849, 1, 'asd', '2017-01-05 20:27:09'),
(1046, 47.4946005, 8.7135849, 1, 'asd', '2017-01-05 20:27:24'),
(1047, 47.4946005, 8.7135849, 1, 'asd', '2017-01-05 20:27:39'),
(1048, 47.4946005, 8.7135849, 1, 'asd', '2017-01-05 20:27:54'),
(1049, 47.4946005, 8.7135849, 1, 'asd', '2017-01-05 20:27:54'),
(1050, 47.4946005, 8.7135849, 1, 'asd', '2017-01-05 20:28:09'),
(1051, 47.4946005, 8.7135849, 1, 'asd', '2017-01-05 20:28:24'),
(1052, 47.4946005, 8.7135849, 1, 'asd', '2017-01-05 20:28:39'),
(1053, 47.4946005, 8.7135849, 1, 'asd', '2017-01-05 20:28:54'),
(1054, 47.4946005, 8.7135849, 1, 'asd', '2017-01-05 20:28:54'),
(1055, 47.4946005, 8.7135849, 1, 'asd', '2017-01-05 20:29:09'),
(1056, 47.4946005, 8.7135849, 1, 'asd', '2017-01-05 20:29:24'),
(1057, 47.4946005, 8.7135849, 1, 'asd', '2017-01-05 20:29:39'),
(1058, 47.4946005, 8.7135849, 1, 'asd', '2017-01-05 20:29:54'),
(1059, 47.4946005, 8.7135849, 1, 'asd', '2017-01-05 20:29:54'),
(1060, 47.4946005, 8.7135849, 1, 'asd', '2017-01-05 20:30:09'),
(1061, 47.4946005, 8.7135849, 1, 'asd', '2017-01-05 20:30:24'),
(1062, 47.4946005, 8.7135849, 1, 'asd', '2017-01-05 20:30:39'),
(1063, 47.4946005, 8.7135849, 1, 'asd', '2017-01-05 20:30:54'),
(1064, 47.4946005, 8.7135849, 1, 'asd', '2017-01-05 20:30:54'),
(1065, 47.4946005, 8.7135849, 1, 'asd', '2017-01-05 20:31:09'),
(1066, 47.4946005, 8.7135849, 1, 'asd', '2017-01-05 20:31:24'),
(1067, 47.4946005, 8.7135849, 1, 'asd', '2017-01-05 20:31:39'),
(1068, 47.4945835, 8.713566, 1, 'asd', '2017-01-05 20:31:54'),
(1069, 47.4945835, 8.713566, 1, 'asd', '2017-01-05 20:31:54'),
(1070, 47.4945835, 8.713566, 1, 'asd', '2017-01-05 20:32:09'),
(1071, 47.4945835, 8.713566, 1, 'asd', '2017-01-05 20:32:24'),
(1072, 47.4945835, 8.713566, 1, 'asd', '2017-01-05 20:32:39'),
(1073, 47.4945835, 8.713566, 1, 'asd', '2017-01-05 20:32:54'),
(1074, 47.4945835, 8.713566, 1, 'asd', '2017-01-05 20:32:54'),
(1075, 47.4945835, 8.713566, 1, 'asd', '2017-01-05 20:33:09'),
(1076, 47.4945835, 8.713566, 1, 'asd', '2017-01-05 20:33:24'),
(1077, 47.4945835, 8.713566, 1, 'asd', '2017-01-05 20:33:39'),
(1078, 47.4946065, 8.7135406, 1, 'asd', '2017-01-05 20:33:54'),
(1079, 47.4946065, 8.7135406, 1, 'asd', '2017-01-05 20:33:54'),
(1080, 47.4946065, 8.7135406, 1, 'asd', '2017-01-05 20:34:09'),
(1081, 47.4946065, 8.7135406, 1, 'asd', '2017-01-05 20:34:24'),
(1082, 47.4946065, 8.7135406, 1, 'asd', '2017-01-05 20:34:39'),
(1083, 47.4946065, 8.7135406, 1, 'asd', '2017-01-05 20:34:54'),
(1084, 47.4946065, 8.7135406, 1, 'asd', '2017-01-05 20:34:54'),
(1085, 47.4946065, 8.7135406, 1, 'asd', '2017-01-05 20:35:09'),
(1086, 47.4946065, 8.7135406, 1, 'asd', '2017-01-05 20:35:24'),
(1087, 47.4946065, 8.7135406, 1, 'asd', '2017-01-05 20:35:39'),
(1088, 47.4946065, 8.7135406, 1, 'asd', '2017-01-05 20:35:54'),
(1089, 47.4946065, 8.7135406, 1, 'asd', '2017-01-05 20:35:54'),
(1090, 47.4945796, 8.7135871, 1, 'asd', '2017-01-05 20:36:09'),
(1091, 47.4945796, 8.7135871, 1, 'asd', '2017-01-05 20:36:24'),
(1092, 47.4945796, 8.7135871, 1, 'asd', '2017-01-05 20:36:39'),
(1093, 47.4945796, 8.7135871, 1, 'asd', '2017-01-05 20:36:54'),
(1094, 47.4945796, 8.7135871, 1, 'asd', '2017-01-05 20:36:54'),
(1095, 47.4945796, 8.7135871, 1, 'asd', '2017-01-05 20:37:09'),
(1096, 47.4945796, 8.7135871, 1, 'asd', '2017-01-05 20:37:24'),
(1097, 47.4945796, 8.7135871, 1, 'asd', '2017-01-05 20:37:39'),
(1098, 47.4945796, 8.7135871, 1, 'asd', '2017-01-05 20:37:54'),
(1099, 47.4945796, 8.7135871, 1, 'asd', '2017-01-05 20:37:54'),
(1100, 47.4945796, 8.7135871, 1, 'asd', '2017-01-05 20:38:09'),
(1101, 47.4945796, 8.7135871, 1, 'asd', '2017-01-05 20:38:24'),
(1102, 47.4945796, 8.7135871, 1, 'asd', '2017-01-05 20:38:39'),
(1103, 47.4945796, 8.7135871, 1, 'asd', '2017-01-05 20:38:54'),
(1104, 47.4945796, 8.7135871, 1, 'asd', '2017-01-05 20:38:54'),
(1105, 47.4945796, 8.7135871, 1, 'asd', '2017-01-05 20:39:09'),
(1106, 47.4945796, 8.7135871, 1, 'asd', '2017-01-05 20:39:24'),
(1107, 47.4945796, 8.7135871, 1, 'asd', '2017-01-05 20:39:39'),
(1108, 47.4945796, 8.7135871, 1, 'asd', '2017-01-05 20:39:54'),
(1109, 47.4945796, 8.7135871, 1, 'asd', '2017-01-05 20:39:54'),
(1110, 47.4945796, 8.7135871, 1, 'asd', '2017-01-05 20:40:09'),
(1111, 47.4945796, 8.7135871, 1, 'asd', '2017-01-05 20:40:24'),
(1112, 47.4945796, 8.7135871, 1, 'asd', '2017-01-05 20:40:39'),
(1113, 47.4945796, 8.7135871, 1, 'asd', '2017-01-05 20:40:54'),
(1114, 47.4945796, 8.7135871, 1, 'asd', '2017-01-05 20:40:54'),
(1115, 47.4945796, 8.7135871, 1, 'asd', '2017-01-05 20:41:09'),
(1116, 47.4945796, 8.7135871, 1, 'asd', '2017-01-05 20:41:24'),
(1117, 47.4945796, 8.7135871, 1, 'asd', '2017-01-05 20:41:39'),
(1118, 47.4945796, 8.7135871, 1, 'asd', '2017-01-05 20:41:54'),
(1119, 47.4945796, 8.7135871, 1, 'asd', '2017-01-05 20:41:54'),
(1120, 47.4945796, 8.7135871, 1, 'asd', '2017-01-05 20:42:09'),
(1121, 47.4945796, 8.7135871, 1, 'asd', '2017-01-05 20:42:24'),
(1122, 47.4945796, 8.7135871, 1, 'asd', '2017-01-05 20:42:39'),
(1123, 47.4945796, 8.7135871, 1, 'asd', '2017-01-05 20:42:54'),
(1124, 47.4945796, 8.7135871, 1, 'asd', '2017-01-05 20:42:54'),
(1125, 47.4945796, 8.7135871, 1, 'asd', '2017-01-05 20:43:09'),
(1126, 47.4945796, 8.7135871, 1, 'asd', '2017-01-05 20:43:24'),
(1127, 47.4945796, 8.7135871, 1, 'asd', '2017-01-05 20:43:39'),
(1128, 47.4945796, 8.7135871, 1, 'asd', '2017-01-05 20:43:54'),
(1129, 47.4945796, 8.7135871, 1, 'asd', '2017-01-05 20:43:54'),
(1130, 47.4945796, 8.7135871, 1, 'asd', '2017-01-05 20:44:09'),
(1131, 47.4945796, 8.7135871, 1, 'asd', '2017-01-05 20:44:24'),
(1132, 47.4945796, 8.7135871, 1, 'asd', '2017-01-05 20:44:39'),
(1133, 47.4945796, 8.7135871, 1, 'asd', '2017-01-05 20:44:54'),
(1134, 47.4945796, 8.7135871, 1, 'asd', '2017-01-05 20:44:54'),
(1135, 47.4945796, 8.7135871, 1, 'asd', '2017-01-05 20:45:09'),
(1136, 47.4945796, 8.7135871, 1, 'asd', '2017-01-05 20:45:24'),
(1137, 47.4945796, 8.7135871, 1, 'asd', '2017-01-05 20:45:39'),
(1138, 47.4945796, 8.7135871, 1, 'asd', '2017-01-05 20:45:54'),
(1139, 47.4945796, 8.7135871, 1, 'asd', '2017-01-05 20:45:54'),
(1140, 47.4945796, 8.7135871, 1, 'asd', '2017-01-05 20:46:09'),
(1141, 47.4945796, 8.7135871, 1, 'asd', '2017-01-05 20:46:24'),
(1142, 47.4945796, 8.7135871, 1, 'asd', '2017-01-05 20:46:39'),
(1143, 47.4945796, 8.7135871, 1, 'asd', '2017-01-05 20:46:54'),
(1144, 47.4945796, 8.7135871, 1, 'asd', '2017-01-05 20:46:54'),
(1145, 47.4945796, 8.7135871, 1, 'asd', '2017-01-05 20:47:09'),
(1146, 47.4945796, 8.7135871, 1, 'asd', '2017-01-05 20:47:24'),
(1147, 47.4945796, 8.7135871, 1, 'asd', '2017-01-05 20:47:39'),
(1148, 47.4945796, 8.7135871, 1, 'asd', '2017-01-05 20:47:54'),
(1149, 47.4945796, 8.7135871, 1, 'asd', '2017-01-05 20:47:54'),
(1150, 47.4945796, 8.7135871, 1, 'asd', '2017-01-05 20:48:09'),
(1151, 47.4946322, 8.7135891, 1, 'asd', '2017-01-05 20:48:24'),
(1152, 47.4946322, 8.7135891, 1, 'asd', '2017-01-05 20:48:39'),
(1153, 47.4946322, 8.7135891, 1, 'asd', '2017-01-05 20:48:54'),
(1154, 47.4946322, 8.7135891, 1, 'asd', '2017-01-05 20:48:54'),
(1155, 47.4946322, 8.7135891, 1, 'asd', '2017-01-05 20:49:09'),
(1156, 47.4946322, 8.7135891, 1, 'asd', '2017-01-05 20:49:24'),
(1157, 47.4946322, 8.7135891, 1, 'asd', '2017-01-05 20:49:39'),
(1158, 47.4946322, 8.7135891, 1, 'asd', '2017-01-05 20:49:54'),
(1159, 47.4946322, 8.7135891, 1, 'asd', '2017-01-05 20:49:54'),
(1160, 47.4946322, 8.7135891, 1, 'asd', '2017-01-05 20:50:09'),
(1161, 47.4946322, 8.7135891, 1, 'asd', '2017-01-05 20:50:24'),
(1162, 47.4946322, 8.7135891, 1, 'asd', '2017-01-05 20:50:39'),
(1163, 47.4946322, 8.7135891, 1, 'asd', '2017-01-05 20:50:54'),
(1164, 47.4946322, 8.7135891, 1, 'asd', '2017-01-05 20:50:54'),
(1165, 47.4946322, 8.7135891, 1, 'asd', '2017-01-05 20:51:09'),
(1166, 47.4946322, 8.7135891, 1, 'asd', '2017-01-05 20:51:24'),
(1167, 47.4946322, 8.7135891, 1, 'asd', '2017-01-05 20:51:39'),
(1168, 47.4946322, 8.7135891, 1, 'asd', '2017-01-05 20:51:54'),
(1169, 47.4946322, 8.7135891, 1, 'asd', '2017-01-05 20:51:54'),
(1170, 47.4946322, 8.7135891, 1, 'asd', '2017-01-05 20:52:09'),
(1171, 47.4946322, 8.7135891, 1, 'asd', '2017-01-05 20:52:24'),
(1172, 47.4946322, 8.7135891, 1, 'asd', '2017-01-05 20:52:39'),
(1173, 47.4946322, 8.7135891, 1, 'asd', '2017-01-05 20:52:54'),
(1174, 47.4946322, 8.7135891, 1, 'asd', '2017-01-05 20:52:54'),
(1175, 47.4946322, 8.7135891, 1, 'asd', '2017-01-05 20:53:09'),
(1176, 47.4946322, 8.7135891, 1, 'asd', '2017-01-05 20:53:24'),
(1177, 47.4946322, 8.7135891, 1, 'asd', '2017-01-05 20:53:39'),
(1178, 47.4946322, 8.7135891, 1, 'asd', '2017-01-05 20:53:54'),
(1179, 47.4946322, 8.7135891, 1, 'asd', '2017-01-05 20:53:54'),
(1180, 47.4946322, 8.7135891, 1, 'asd', '2017-01-05 20:54:09'),
(1181, 47.4946322, 8.7135891, 1, 'asd', '2017-01-05 20:54:24'),
(1182, 47.4946322, 8.7135891, 1, 'asd', '2017-01-05 20:54:39'),
(1183, 47.4946283, 8.713612, 1, 'asd', '2017-01-05 20:54:54'),
(1184, 47.4946283, 8.713612, 1, 'asd', '2017-01-05 20:54:54'),
(1185, 47.4946283, 8.713612, 1, 'asd', '2017-01-05 20:55:09'),
(1186, 47.4946283, 8.713612, 1, 'asd', '2017-01-05 20:55:24'),
(1187, 47.4946283, 8.713612, 1, 'asd', '2017-01-05 20:55:39'),
(1188, 47.4947016, 8.7169219, 3, 'Samichlaus', '2017-01-05 20:55:49'),
(1189, 47.4946283, 8.713612, 1, 'asd', '2017-01-05 20:55:54'),
(1190, 47.4946283, 8.713612, 1, 'asd', '2017-01-05 20:55:54'),
(1191, 47.4946283, 8.713612, 1, 'asd', '2017-01-05 20:56:09'),
(1192, 47.4947016, 8.7169219, 2, 'asd', '2017-01-05 20:56:20'),
(1193, 47.4946283, 8.713612, 1, 'asd', '2017-01-05 20:56:24'),
(1194, 47.4947016, 8.7169219, 2, 'asd', '2017-01-05 20:56:31'),
(1195, 47.4947016, 8.7169219, 2, 'asd', '2017-01-05 20:56:32'),
(1196, 47.4947016, 8.7169219, 2, 'asd', '2017-01-05 20:56:32'),
(1197, 47.4947016, 8.7169219, 2, 'asd', '2017-01-05 20:56:35'),
(1198, 47.4946283, 8.713612, 1, 'asd', '2017-01-05 20:56:39'),
(1199, 47.4947016, 8.7169219, 2, 'asd', '2017-01-05 20:56:50'),
(1200, 47.4946283, 8.713612, 1, 'asd', '2017-01-05 20:56:54'),
(1201, 47.4946283, 8.713612, 1, 'asd', '2017-01-05 20:56:54'),
(1202, 47.4947016, 8.7169219, 2, 'asd', '2017-01-05 20:56:56'),
(1203, 47.4947016, 8.7169219, 2, 'asd', '2017-01-05 20:56:58'),
(1204, 47.4947016, 8.7169219, 2, 'asd', '2017-01-05 20:57:05'),
(1205, 47.4947016, 8.7169219, 2, 'asd', '2017-01-05 20:57:05'),
(1206, 47.4946283, 8.713612, 1, 'asd', '2017-01-05 20:57:09'),
(1207, 47.4947016, 8.7169219, 2, 'asd', '2017-01-05 20:57:20'),
(1208, 47.4946283, 8.713612, 1, 'asd', '2017-01-05 20:57:24'),
(1209, 47.4947016, 8.7169219, 2, 'asd', '2017-01-05 20:57:35'),
(1210, 47.4946283, 8.713612, 1, 'asd', '2017-01-05 20:57:40'),
(1211, 47.4946283, 8.713612, 1, 'asd', '2017-01-05 20:57:55'),
(1212, 47.4946283, 8.713612, 1, 'asd', '2017-01-05 20:57:55'),
(1213, 47.4946283, 8.713612, 1, 'asd', '2017-01-05 20:58:10'),
(1214, 47.4946283, 8.713612, 1, 'asd', '2017-01-05 20:58:25'),
(1215, 47.4946283, 8.713612, 1, 'asd', '2017-01-05 20:58:40'),
(1216, 47.4946283, 8.713612, 1, 'asd', '2017-01-05 20:58:55'),
(1217, 47.4946283, 8.713612, 1, 'asd', '2017-01-05 20:58:55'),
(1218, 47.4946283, 8.713612, 1, 'asd', '2017-01-05 20:59:10'),
(1219, 47.4946283, 8.713612, 1, 'asd', '2017-01-05 20:59:25'),
(1220, 47.4946283, 8.713612, 1, 'asd', '2017-01-05 20:59:40'),
(1221, 47.4946283, 8.713612, 1, 'asd', '2017-01-05 20:59:55'),
(1222, 47.4946283, 8.713612, 1, 'asd', '2017-01-05 20:59:55'),
(1223, 47.4946283, 8.713612, 1, 'asd', '2017-01-05 21:00:10'),
(1224, 47.4946283, 8.713612, 1, 'asd', '2017-01-05 21:00:25'),
(1225, 47.4946283, 8.713612, 1, 'asd', '2017-01-05 21:00:40'),
(1226, 47.4946283, 8.713612, 1, 'asd', '2017-01-05 21:00:55'),
(1227, 47.4946283, 8.713612, 1, 'asd', '2017-01-05 21:00:55'),
(1228, 47.4946283, 8.713612, 1, 'asd', '2017-01-05 21:01:10'),
(1229, 47.4946283, 8.713612, 1, 'asd', '2017-01-05 21:01:25'),
(1230, 47.4946283, 8.713612, 1, 'asd', '2017-01-05 21:01:40'),
(1231, 47.494711, 8.7169341, 2, 'Fäger', '2017-01-05 21:01:41'),
(1232, 47.4946283, 8.713612, 1, 'asd', '2017-01-05 21:01:55'),
(1233, 47.4946283, 8.713612, 1, 'asd', '2017-01-05 21:01:55'),
(1234, 47.494711, 8.7169341, 2, 'Fäger', '2017-01-05 21:01:56'),
(1235, 47.4946283, 8.713612, 1, 'asd', '2017-01-05 21:02:10'),
(1236, 47.494711, 8.7169341, 2, 'Fäger', '2017-01-05 21:02:11'),
(1237, 47.4946283, 8.713612, 1, 'asd', '2017-01-05 21:02:25'),
(1238, 47.494711, 8.7169341, 2, 'Fäger', '2017-01-05 21:02:26'),
(1239, 47.494711, 8.7169341, 2, 'Fäger', '2017-01-05 21:02:26'),
(1240, 47.4946283, 8.713612, 1, 'asd', '2017-01-05 21:02:40'),
(1241, 47.494711, 8.7169341, 2, 'Fäger', '2017-01-05 21:02:41'),
(1242, 47.4946283, 8.713612, 1, 'asd', '2017-01-05 21:02:55'),
(1243, 47.4946283, 8.713612, 1, 'asd', '2017-01-05 21:02:55'),
(1244, 47.494711, 8.7169341, 2, 'Fäger', '2017-01-05 21:02:56'),
(1245, 47.4946283, 8.713612, 1, 'asd', '2017-01-05 21:03:10'),
(1246, 47.494711, 8.7169341, 2, 'Fäger', '2017-01-05 21:03:11'),
(1247, 47.4946283, 8.713612, 1, 'asd', '2017-01-05 21:03:25'),
(1248, 47.494711, 8.7169341, 2, 'Fäger', '2017-01-05 21:03:27'),
(1249, 47.494711, 8.7169341, 2, 'Fäger', '2017-01-05 21:03:27'),
(1250, 47.4946283, 8.713612, 1, 'asd', '2017-01-05 21:03:40'),
(1251, 47.494711, 8.7169341, 2, 'Fäger', '2017-01-05 21:03:46'),
(1252, 47.4946283, 8.713612, 1, 'asd', '2017-01-05 21:03:55'),
(1253, 47.4946283, 8.713612, 1, 'asd', '2017-01-05 21:03:55'),
(1254, 47.494711, 8.7169341, 2, 'Fäger', '2017-01-05 21:03:56'),
(1255, 47.4946283, 8.713612, 1, 'asd', '2017-01-05 21:04:10'),
(1256, 47.494711, 8.7169341, 2, 'Fäger', '2017-01-05 21:04:11'),
(1257, 47.4946283, 8.713612, 1, 'asd', '2017-01-05 21:04:25'),
(1258, 47.494711, 8.7169341, 2, 'Fäger', '2017-01-05 21:04:26'),
(1259, 47.494711, 8.7169341, 2, 'Fäger', '2017-01-05 21:04:26'),
(1260, 47.4946283, 8.713612, 1, 'asd', '2017-01-05 21:04:40'),
(1261, 47.494711, 8.7169341, 2, 'Fäger', '2017-01-05 21:04:41'),
(1262, 47.4946283, 8.713612, 1, 'asd', '2017-01-05 21:04:55'),
(1263, 47.4946283, 8.713612, 1, 'asd', '2017-01-05 21:04:55'),
(1264, 47.4946283, 8.713612, 1, 'asd', '2017-01-05 21:05:10'),
(1265, 47.4946283, 8.713612, 1, 'asd', '2017-01-05 21:05:25'),
(1266, 47.4946283, 8.713612, 1, 'asd', '2017-01-05 21:05:40'),
(1267, 47.4946283, 8.713612, 1, 'asd', '2017-01-05 21:05:55'),
(1268, 47.4946283, 8.713612, 1, 'asd', '2017-01-05 21:05:55'),
(1269, 47.4946283, 8.713612, 1, 'asd', '2017-01-05 21:06:10'),
(1270, 47.4946283, 8.713612, 1, 'asd', '2017-01-05 21:06:25'),
(1271, 47.4946283, 8.713612, 1, 'asd', '2017-01-05 21:06:40'),
(1272, 47.4946283, 8.713612, 1, 'asd', '2017-01-05 21:06:55'),
(1273, 47.4946283, 8.713612, 1, 'asd', '2017-01-05 21:06:55'),
(1274, 47.4946283, 8.713612, 1, 'asd', '2017-01-05 21:07:33'),
(1275, 47.4946283, 8.713612, 1, 'asd', '2017-01-05 21:07:36'),
(1276, 47.4946283, 8.713612, 1, 'asd', '2017-01-05 21:07:40'),
(1277, 47.4946283, 8.713612, 1, 'asd', '2017-01-05 21:07:55'),
(1278, 47.4946283, 8.713612, 1, 'asd', '2017-01-05 21:07:55'),
(1279, 47.4946283, 8.713612, 1, 'asd', '2017-01-05 21:08:10'),
(1280, 47.4946283, 8.713612, 1, 'asd', '2017-01-05 21:08:25'),
(1281, 47.4946283, 8.713612, 1, 'asd', '2017-01-05 21:08:40'),
(1282, 47.4946283, 8.713612, 1, 'asd', '2017-01-05 21:08:55'),
(1283, 47.4946283, 8.713612, 1, 'asd', '2017-01-05 21:08:55'),
(1284, 47.4946283, 8.713612, 1, 'asd', '2017-01-05 21:09:10'),
(1285, 47.4946283, 8.713612, 1, 'asd', '2017-01-05 21:09:25'),
(1286, 47.4946283, 8.713612, 1, 'asd', '2017-01-05 21:09:40'),
(1287, 47.4946283, 8.713612, 1, 'asd', '2017-01-05 21:09:55'),
(1288, 47.4946283, 8.713612, 1, 'asd', '2017-01-05 21:09:55'),
(1289, 47.4946283, 8.713612, 1, 'asd', '2017-01-05 21:10:10'),
(1290, 47.4946283, 8.713612, 1, 'asd', '2017-01-05 21:10:25'),
(1291, 47.4946283, 8.713612, 1, 'asd', '2017-01-05 21:10:40'),
(1292, 47.4947064, 8.7169065, 2, 'Fäger', '2017-01-05 21:10:54'),
(1293, 47.4946283, 8.713612, 1, 'asd', '2017-01-05 21:10:55'),
(1294, 47.4946283, 8.713612, 1, 'asd', '2017-01-05 21:10:55'),
(1295, 47.4947064, 8.7169065, 2, 'Fäger', '2017-01-05 21:11:08'),
(1296, 47.4946283, 8.713612, 1, 'asd', '2017-01-05 21:11:10'),
(1297, 47.4947064, 8.7169065, 2, 'Fäger', '2017-01-05 21:11:23'),
(1298, 47.4946283, 8.713612, 1, 'asd', '2017-01-05 21:11:25'),
(1299, 47.4947064, 8.7169065, 2, 'Fäger', '2017-01-05 21:11:38'),
(1300, 47.4947064, 8.7169065, 2, 'Fäger', '2017-01-05 21:11:38'),
(1301, 47.4946283, 8.713612, 1, 'asd', '2017-01-05 21:11:40'),
(1302, 47.4947064, 8.7169065, 2, 'Fäger', '2017-01-05 21:11:53'),
(1303, 47.4946283, 8.713612, 1, 'asd', '2017-01-05 21:11:55'),
(1304, 47.4946283, 8.713612, 1, 'asd', '2017-01-05 21:11:55'),
(1305, 47.4947064, 8.7169065, 2, 'Fäger', '2017-01-05 21:12:08'),
(1306, 47.4946283, 8.713612, 1, 'asd', '2017-01-05 21:12:10'),
(1307, 47.4947064, 8.7169065, 2, 'Fäger', '2017-01-05 21:12:23'),
(1308, 47.4946283, 8.713612, 1, 'asd', '2017-01-05 21:12:25'),
(1309, 47.4947064, 8.7169065, 2, 'Fäger', '2017-01-05 21:12:38'),
(1310, 47.4947064, 8.7169065, 2, 'Fäger', '2017-01-05 21:12:38'),
(1311, 47.4946283, 8.713612, 1, 'asd', '2017-01-05 21:12:40'),
(1312, 47.4947064, 8.7169065, 2, 'Fäger', '2017-01-05 21:12:53'),
(1313, 47.4946283, 8.713612, 1, 'asd', '2017-01-05 21:12:55'),
(1314, 47.4946283, 8.713612, 1, 'asd', '2017-01-05 21:12:55'),
(1315, 47.4947064, 8.7169065, 2, 'Fäger', '2017-01-05 21:13:08'),
(1316, 47.4946283, 8.713612, 1, 'asd', '2017-01-05 21:13:10'),
(1317, 47.4947064, 8.7169065, 2, 'Fäger', '2017-01-05 21:13:23'),
(1318, 47.4946283, 8.713612, 1, 'asd', '2017-01-05 21:13:25'),
(1319, 47.4947064, 8.7169065, 2, 'Fäger', '2017-01-05 21:13:38'),
(1320, 47.4947064, 8.7169065, 2, 'Fäger', '2017-01-05 21:13:38'),
(1321, 47.4946283, 8.713612, 1, 'asd', '2017-01-05 21:13:40'),
(1322, 47.4947064, 8.7169065, 2, 'Fäger', '2017-01-05 21:13:53'),
(1323, 47.4946283, 8.713612, 1, 'asd', '2017-01-05 21:13:55'),
(1324, 47.4946283, 8.713612, 1, 'asd', '2017-01-05 21:13:55'),
(1325, 47.4947064, 8.7169065, 2, 'Fäger', '2017-01-05 21:14:08'),
(1326, 47.4946283, 8.713612, 1, 'asd', '2017-01-05 21:14:10'),
(1327, 47.4947064, 8.7169065, 2, 'Fäger', '2017-01-05 21:14:23'),
(1328, 47.4946283, 8.713612, 1, 'asd', '2017-01-05 21:14:25'),
(1329, 47.4947064, 8.7169065, 2, 'Fäger', '2017-01-05 21:14:38'),
(1330, 47.4947064, 8.7169065, 2, 'Fäger', '2017-01-05 21:14:38'),
(1331, 47.4946283, 8.713612, 1, 'asd', '2017-01-05 21:14:40'),
(1332, 47.4947064, 8.7169065, 2, 'Fäger', '2017-01-05 21:14:53'),
(1333, 47.4946283, 8.713612, 1, 'asd', '2017-01-05 21:14:55'),
(1334, 47.4946283, 8.713612, 1, 'asd', '2017-01-05 21:14:55'),
(1335, 47.4947064, 8.7169065, 2, 'Fäger', '2017-01-05 21:15:08'),
(1336, 47.4946283, 8.713612, 1, 'asd', '2017-01-05 21:15:10'),
(1337, 47.4947064, 8.7169065, 2, 'Fäger', '2017-01-05 21:15:23'),
(1338, 47.4946283, 8.713612, 1, 'asd', '2017-01-05 21:15:25'),
(1339, 47.4947064, 8.7169065, 2, 'Fäger', '2017-01-05 21:15:38'),
(1340, 47.4947064, 8.7169065, 2, 'Fäger', '2017-01-05 21:15:38'),
(1341, 47.4946283, 8.713612, 1, 'asd', '2017-01-05 21:15:40'),
(1342, 47.4947064, 8.7169065, 2, 'Fäger', '2017-01-05 21:15:53'),
(1343, 47.4946283, 8.713612, 1, 'asd', '2017-01-05 21:15:55'),
(1344, 47.4946283, 8.713612, 1, 'asd', '2017-01-05 21:15:55'),
(1345, 47.4947064, 8.7169065, 2, 'Fäger', '2017-01-05 21:16:08'),
(1346, 47.4946283, 8.713612, 1, 'asd', '2017-01-05 21:16:13'),
(1347, 47.4947064, 8.7169065, 2, 'Fäger', '2017-01-05 21:16:23'),
(1348, 47.4946283, 8.713612, 1, 'asd', '2017-01-05 21:16:25'),
(1349, 47.4947064, 8.7169065, 2, 'Fäger', '2017-01-05 21:16:38'),
(1350, 47.4947064, 8.7169065, 2, 'Fäger', '2017-01-05 21:16:38'),
(1351, 47.4946283, 8.713612, 1, 'asd', '2017-01-05 21:16:40'),
(1352, 47.4947064, 8.7169065, 2, 'Fäger', '2017-01-05 21:16:53'),
(1353, 47.4946283, 8.713612, 1, 'asd', '2017-01-05 21:16:55'),
(1354, 47.4946283, 8.713612, 1, 'asd', '2017-01-05 21:16:55'),
(1355, 47.4947064, 8.7169065, 2, 'Fäger', '2017-01-05 21:17:08'),
(1356, 47.4946283, 8.713612, 1, 'asd', '2017-01-05 21:17:10'),
(1357, 47.4947064, 8.7169065, 2, 'Fäger', '2017-01-05 21:17:23'),
(1358, 47.4946283, 8.713612, 1, 'asd', '2017-01-05 21:17:25'),
(1359, 47.4947064, 8.7169065, 2, 'Fäger', '2017-01-05 21:17:38'),
(1360, 47.4947064, 8.7169065, 2, 'Fäger', '2017-01-05 21:17:38'),
(1361, 47.4946283, 8.713612, 1, 'asd', '2017-01-05 21:17:40'),
(1362, 47.4947064, 8.7169065, 2, 'Fäger', '2017-01-05 21:17:53'),
(1363, 47.4946283, 8.713612, 1, 'asd', '2017-01-05 21:17:55'),
(1364, 47.4946283, 8.713612, 1, 'asd', '2017-01-05 21:17:55'),
(1365, 47.4947064, 8.7169065, 2, 'Fäger', '2017-01-05 21:18:08'),
(1366, 47.4946283, 8.713612, 1, 'asd', '2017-01-05 21:18:10'),
(1367, 47.4947064, 8.7169065, 2, 'Fäger', '2017-01-05 21:18:23'),
(1368, 47.4946283, 8.713612, 1, 'asd', '2017-01-05 21:18:25'),
(1369, 47.4947064, 8.7169065, 2, 'Fäger', '2017-01-05 21:18:38'),
(1370, 47.4947064, 8.7169065, 2, 'Fäger', '2017-01-05 21:18:38'),
(1371, 47.4946283, 8.713612, 1, 'asd', '2017-01-05 21:18:40'),
(1372, 47.4947064, 8.7169065, 2, 'Fäger', '2017-01-05 21:18:53'),
(1373, 47.4946283, 8.713612, 1, 'asd', '2017-01-05 21:18:55'),
(1374, 47.4946283, 8.713612, 1, 'asd', '2017-01-05 21:18:55'),
(1375, 47.4947064, 8.7169065, 2, 'Fäger', '2017-01-05 21:19:08'),
(1376, 47.4946283, 8.713612, 1, 'asd', '2017-01-05 21:19:10'),
(1377, 47.4947064, 8.7169065, 2, 'Fäger', '2017-01-05 21:19:23'),
(1378, 47.4946283, 8.713612, 1, 'asd', '2017-01-05 21:19:25'),
(1379, 47.4947064, 8.7169065, 2, 'Fäger', '2017-01-05 21:19:38'),
(1380, 47.4947064, 8.7169065, 2, 'Fäger', '2017-01-05 21:19:38'),
(1381, 47.4946283, 8.713612, 1, 'asd', '2017-01-05 21:19:40'),
(1382, 47.4947064, 8.7169065, 2, 'Fäger', '2017-01-05 21:19:53'),
(1383, 47.4946283, 8.713612, 1, 'asd', '2017-01-05 21:19:55'),
(1384, 47.4946283, 8.713612, 1, 'asd', '2017-01-05 21:19:55'),
(1385, 47.4947064, 8.7169065, 2, 'Fäger', '2017-01-05 21:20:08'),
(1386, 47.4946283, 8.713612, 1, 'asd', '2017-01-05 21:20:10'),
(1387, 47.4947064, 8.7169065, 2, 'Fäger', '2017-01-05 21:20:23'),
(1388, 47.4946283, 8.713612, 1, 'asd', '2017-01-05 21:20:25'),
(1389, 47.4947064, 8.7169065, 2, 'Fäger', '2017-01-05 21:20:39'),
(1390, 47.4947064, 8.7169065, 2, 'Fäger', '2017-01-05 21:20:39'),
(1391, 47.4946283, 8.713612, 1, 'asd', '2017-01-05 21:20:40'),
(1392, 47.4947064, 8.7169065, 2, 'Fäger', '2017-01-05 21:20:53'),
(1393, 47.4946283, 8.713612, 1, 'asd', '2017-01-05 21:20:55'),
(1394, 47.4946283, 8.713612, 1, 'asd', '2017-01-05 21:20:55'),
(1395, 47.4946283, 8.713612, 1, 'asd', '2017-01-05 21:21:10'),
(1396, 47.4947064, 8.7169065, 2, 'Fäger', '2017-01-05 21:21:10'),
(1397, 47.4947064, 8.7169065, 2, 'Fäger', '2017-01-05 21:21:23'),
(1398, 47.4946283, 8.713612, 1, 'asd', '2017-01-05 21:21:25'),
(1399, 47.4947064, 8.7169065, 2, 'Fäger', '2017-01-05 21:21:38'),
(1400, 47.4947064, 8.7169065, 2, 'Fäger', '2017-01-05 21:21:38'),
(1401, 47.4946283, 8.713612, 1, 'asd', '2017-01-05 21:21:40'),
(1402, 47.4947064, 8.7169065, 2, 'Fäger', '2017-01-05 21:21:53'),
(1403, 47.4946283, 8.713612, 1, 'asd', '2017-01-05 21:21:55'),
(1404, 47.4946283, 8.713612, 1, 'asd', '2017-01-05 21:21:55'),
(1405, 47.4947064, 8.7169065, 2, 'Fäger', '2017-01-05 21:22:08'),
(1406, 47.4946283, 8.713612, 1, 'asd', '2017-01-05 21:22:10'),
(1407, 47.4947064, 8.7169065, 2, 'Fäger', '2017-01-05 21:22:23'),
(1408, 47.4946283, 8.713612, 1, 'asd', '2017-01-05 21:22:25'),
(1409, 47.494698, 8.7169919, 2, 'JJsb', '2017-01-05 21:22:27'),
(1410, 47.4947064, 8.7169065, 2, 'Fäger', '2017-01-05 21:22:38'),
(1411, 47.4947064, 8.7169065, 2, 'Fäger', '2017-01-05 21:22:38'),
(1412, 47.4946283, 8.713612, 1, 'asd', '2017-01-05 21:22:40'),
(1413, 47.494698, 8.7169919, 2, 'JJsb', '2017-01-05 21:22:42'),
(1414, 47.494698, 8.7169919, 2, 'JJsb', '2017-01-05 21:22:52'),
(1415, 47.4947064, 8.7169065, 2, 'Fäger', '2017-01-05 21:22:53'),
(1416, 47.494698, 8.7169919, 2, 'JJsb', '2017-01-05 21:22:54'),
(1417, 47.4946283, 8.713612, 1, 'asd', '2017-01-05 21:22:55'),
(1418, 47.4946283, 8.713612, 1, 'asd', '2017-01-05 21:22:55'),
(1419, 47.4947064, 8.7169065, 2, 'Fäger', '2017-01-05 21:23:08'),
(1420, 47.4946283, 8.713612, 1, 'asd', '2017-01-05 21:23:10'),
(1421, 47.4946225, 8.7169686, 2, 'JJsb', '2017-01-05 21:23:10'),
(1422, 47.4947064, 8.7169065, 2, 'Fäger', '2017-01-05 21:23:23'),
(1423, 47.4946283, 8.713612, 1, 'asd', '2017-01-05 21:23:25'),
(1424, 47.4946225, 8.7169686, 2, 'JJsb', '2017-01-05 21:23:26'),
(1425, 47.4947064, 8.7169065, 2, 'Fäger', '2017-01-05 21:23:38'),
(1426, 47.4947064, 8.7169065, 2, 'Fäger', '2017-01-05 21:23:38'),
(1427, 47.4946283, 8.713612, 1, 'asd', '2017-01-05 21:23:40'),
(1428, 47.4946225, 8.7169686, 2, 'JJsb', '2017-01-05 21:23:41'),
(1429, 47.4946225, 8.7169686, 2, 'JJsb', '2017-01-05 21:23:42'),
(1430, 47.4946225, 8.7169686, 2, 'JJsb', '2017-01-05 21:23:42'),
(1431, 47.4947064, 8.7169065, 2, 'Fäger', '2017-01-05 21:23:53'),
(1432, 47.4946283, 8.713612, 1, 'asd', '2017-01-05 21:23:55'),
(1433, 47.4946283, 8.713612, 1, 'asd', '2017-01-05 21:23:55'),
(1434, 47.4946225, 8.7169686, 2, 'JJsb', '2017-01-05 21:23:56'),
(1435, 47.4947064, 8.7169065, 2, 'Fäger', '2017-01-05 21:24:08'),
(1436, 47.4946225, 8.7169686, 2, 'JJsb', '2017-01-05 21:24:09'),
(1437, 47.4946283, 8.713612, 1, 'asd', '2017-01-05 21:24:10'),
(1438, 47.4947064, 8.7169065, 2, 'Fäger', '2017-01-05 21:24:23'),
(1439, 47.4946283, 8.713612, 1, 'asd', '2017-01-05 21:24:25'),
(1440, 47.494698, 8.7169919, 2, 'JJsb', '2017-01-05 21:24:26'),
(1441, 47.4947064, 8.7169065, 2, 'Fäger', '2017-01-05 21:24:38'),
(1442, 47.4947064, 8.7169065, 2, 'Fäger', '2017-01-05 21:24:38'),
(1443, 47.4946283, 8.713612, 1, 'asd', '2017-01-05 21:24:40'),
(1444, 47.4946225, 8.7169686, 2, 'JJsb', '2017-01-05 21:24:41'),
(1445, 47.4946225, 8.7169686, 2, 'JJsb', '2017-01-05 21:24:42'),
(1446, 47.4946225, 8.7169686, 2, 'JJsb', '2017-01-05 21:24:42'),
(1447, 47.4947064, 8.7169065, 2, 'Fäger', '2017-01-05 21:24:53'),
(1448, 47.4946283, 8.713612, 1, 'asd', '2017-01-05 21:24:55'),
(1449, 47.4946283, 8.713612, 1, 'asd', '2017-01-05 21:24:55'),
(1450, 47.4946225, 8.7169686, 2, 'JJsb', '2017-01-05 21:24:58'),
(1451, 47.4947064, 8.7169065, 2, 'Fäger', '2017-01-05 21:25:08'),
(1452, 47.4946283, 8.713612, 1, 'asd', '2017-01-05 21:25:10'),
(1453, 47.4946225, 8.7169686, 2, 'JJsb', '2017-01-05 21:25:11'),
(1454, 47.4947064, 8.7169065, 2, 'Fäger', '2017-01-05 21:25:23'),
(1455, 47.4946283, 8.713612, 1, 'asd', '2017-01-05 21:25:25'),
(1456, 47.4946225, 8.7169686, 2, 'JJsb', '2017-01-05 21:25:26'),
(1457, 47.4947064, 8.7169065, 2, 'Fäger', '2017-01-05 21:25:38'),
(1458, 47.4947064, 8.7169065, 2, 'Fäger', '2017-01-05 21:25:38'),
(1459, 47.4946283, 8.713612, 1, 'asd', '2017-01-05 21:25:40'),
(1460, 47.4946225, 8.7169686, 2, 'JJsb', '2017-01-05 21:25:42'),
(1461, 47.4946225, 8.7169686, 2, 'JJsb', '2017-01-05 21:25:42'),
(1462, 47.4946225, 8.7169686, 2, 'JJsb', '2017-01-05 21:25:43'),
(1463, 47.4947064, 8.7169065, 2, 'Fäger', '2017-01-05 21:25:53'),
(1464, 47.4946283, 8.713612, 1, 'asd', '2017-01-05 21:25:55'),
(1465, 47.4946283, 8.713612, 1, 'asd', '2017-01-05 21:25:55'),
(1466, 47.494698, 8.7169919, 2, 'JJsb', '2017-01-05 21:25:56'),
(1467, 47.4947064, 8.7169065, 2, 'Fäger', '2017-01-05 21:26:08'),
(1468, 47.4946283, 8.713612, 1, 'asd', '2017-01-05 21:26:10'),
(1469, 47.4947051, 8.7168984, 2, 'JJsb', '2017-01-05 21:26:11'),
(1470, 47.4947064, 8.7169065, 2, 'Fäger', '2017-01-05 21:26:23'),
(1471, 47.4946283, 8.713612, 1, 'asd', '2017-01-05 21:26:25'),
(1472, 47.4946225, 8.7169686, 2, 'JJsb', '2017-01-05 21:26:25'),
(1473, 47.4947064, 8.7169065, 2, 'Fäger', '2017-01-05 21:26:38'),
(1474, 47.4947064, 8.7169065, 2, 'Fäger', '2017-01-05 21:26:38'),
(1475, 47.4946283, 8.713612, 1, 'asd', '2017-01-05 21:26:40'),
(1476, 47.4946225, 8.7169686, 2, 'JJsb', '2017-01-05 21:26:40'),
(1477, 47.4946225, 8.7169686, 2, 'JJsb', '2017-01-05 21:26:40'),
(1478, 47.4946225, 8.7169686, 2, 'JJsb', '2017-01-05 21:26:40'),
(1479, 47.4947064, 8.7169065, 2, 'Fäger', '2017-01-05 21:26:53'),
(1480, 47.4946283, 8.713612, 1, 'asd', '2017-01-05 21:26:55'),
(1481, 47.4946283, 8.713612, 1, 'asd', '2017-01-05 21:26:55'),
(1482, 47.4946225, 8.7169686, 2, 'JJsb', '2017-01-05 21:26:57'),
(1483, 47.4947064, 8.7169065, 2, 'Fäger', '2017-01-05 21:27:08'),
(1484, 47.4946283, 8.713612, 1, 'asd', '2017-01-05 21:27:10'),
(1485, 47.4946225, 8.7169686, 2, 'JJsb', '2017-01-05 21:27:11'),
(1486, 47.4947064, 8.7169065, 2, 'Fäger', '2017-01-05 21:27:23'),
(1487, 47.4946283, 8.713612, 1, 'asd', '2017-01-05 21:27:25'),
(1488, 47.4946225, 8.7169686, 2, 'JJsb', '2017-01-05 21:27:25'),
(1489, 47.4947064, 8.7169065, 2, 'Fäger', '2017-01-05 21:27:38'),
(1490, 47.4947064, 8.7169065, 2, 'Fäger', '2017-01-05 21:27:38'),
(1491, 47.4946283, 8.713612, 1, 'asd', '2017-01-05 21:27:40'),
(1492, 47.4946225, 8.7169686, 2, 'JJsb', '2017-01-05 21:27:43'),
(1493, 47.4946225, 8.7169686, 2, 'JJsb', '2017-01-05 21:27:43'),
(1494, 47.4946225, 8.7169686, 2, 'JJsb', '2017-01-05 21:27:43'),
(1495, 47.4947064, 8.7169065, 2, 'Fäger', '2017-01-05 21:27:53'),
(1496, 47.4946283, 8.713612, 1, 'asd', '2017-01-05 21:27:55'),
(1497, 47.4946283, 8.713612, 1, 'asd', '2017-01-05 21:27:55'),
(1498, 47.4946225, 8.7169686, 2, 'JJsb', '2017-01-05 21:27:56'),
(1499, 47.4947064, 8.7169065, 2, 'Fäger', '2017-01-05 21:28:08'),
(1500, 47.4946283, 8.713612, 1, 'asd', '2017-01-05 21:28:10'),
(1501, 47.4946225, 8.7169686, 2, 'JJsb', '2017-01-05 21:28:10'),
(1502, 47.494698, 8.7169919, 2, 'JJsb', '2017-01-05 21:28:22'),
(1503, 47.4947064, 8.7169065, 2, 'Fäger', '2017-01-05 21:28:23'),
(1504, 47.4946283, 8.713612, 1, 'asd', '2017-01-05 21:28:25'),
(1505, 47.494698, 8.7169919, 2, 'JJsb', '2017-01-05 21:28:26'),
(1506, 47.4946225, 8.7169686, 2, 'JJsb', '2017-01-05 21:28:26'),
(1507, 47.4947064, 8.7169065, 2, 'Fäger', '2017-01-05 21:28:38'),
(1508, 47.4947064, 8.7169065, 2, 'Fäger', '2017-01-05 21:28:38'),
(1509, 47.4946283, 8.713612, 1, 'asd', '2017-01-05 21:28:40'),
(1510, 47.4947064, 8.7169065, 2, 'Fäger', '2017-01-05 21:28:53'),
(1511, 47.4946283, 8.713612, 1, 'asd', '2017-01-05 21:28:55'),
(1512, 47.4946283, 8.713612, 1, 'asd', '2017-01-05 21:28:55'),
(1513, 47.4946225, 8.7169686, 4, 'Kdkdbd', '2017-01-05 21:28:55'),
(1514, 47.4947064, 8.7169065, 2, 'Fäger', '2017-01-05 21:29:08'),
(1515, 47.4946225, 8.7169686, 4, 'Kdkdbd', '2017-01-05 21:29:09'),
(1516, 47.4946283, 8.713612, 1, 'asd', '2017-01-05 21:29:10'),
(1517, 47.4946225, 8.7169686, 4, 'Kdkdbd', '2017-01-05 21:29:10'),
(1518, 47.4947064, 8.7169065, 2, 'Fäger', '2017-01-05 21:29:23'),
(1519, 47.4947051, 8.7168984, 4, 'Kdkdbd', '2017-01-05 21:29:24'),
(1520, 47.4946283, 8.713612, 1, 'asd', '2017-01-05 21:29:25'),
(1521, 47.4946225, 8.7169686, 4, 'Kdkdbd', '2017-01-05 21:29:25'),
(1522, 47.4947064, 8.7169065, 2, 'Fäger', '2017-01-05 21:29:38'),
(1523, 47.4947064, 8.7169065, 2, 'Fäger', '2017-01-05 21:29:38'),
(1524, 47.4946283, 8.713612, 1, 'asd', '2017-01-05 21:29:40'),
(1525, 47.4946225, 8.7169686, 4, 'Kdkdbd', '2017-01-05 21:29:40'),
(1526, 47.4946225, 8.7169686, 4, 'Kdkdbd', '2017-01-05 21:29:44'),
(1527, 47.4946225, 8.7169686, 4, 'Kdkdbd', '2017-01-05 21:29:44'),
(1528, 47.4946225, 8.7169686, 4, 'Kdkdbd', '2017-01-05 21:29:44'),
(1529, 47.4947064, 8.7169065, 2, 'Fäger', '2017-01-05 21:29:53'),
(1530, 47.4946225, 8.7169686, 4, 'Kdkdbd', '2017-01-05 21:29:54'),
(1531, 47.4946225, 8.7169686, 4, 'Kdkdbd', '2017-01-05 21:29:54'),
(1532, 47.4946225, 8.7169686, 4, 'Kdkdbd', '2017-01-05 21:29:54'),
(1533, 47.4946283, 8.713612, 1, 'asd', '2017-01-05 21:29:55'),
(1534, 47.4946283, 8.713612, 1, 'asd', '2017-01-05 21:29:55'),
(1535, 47.4946225, 8.7169686, 4, 'Kdkdbd', '2017-01-05 21:29:57'),
(1536, 47.4947064, 8.7169065, 2, 'Fäger', '2017-01-05 21:30:08'),
(1537, 47.494698, 8.7169919, 4, 'Kdkdbd', '2017-01-05 21:30:09'),
(1538, 47.4946283, 8.713612, 1, 'asd', '2017-01-05 21:30:10'),
(1539, 47.4946225, 8.7169686, 4, 'Kdkdbd', '2017-01-05 21:30:11'),
(1540, 47.4946225, 8.7169686, 4, 'Kdkdbd', '2017-01-05 21:30:12'),
(1541, 47.494698, 8.7169919, 4, 'Kdkdbd', '2017-01-05 21:30:13'),
(1542, 47.494698, 8.7169919, 4, 'Kdkdbd', '2017-01-05 21:30:13'),
(1543, 47.4947064, 8.7169065, 2, 'Fäger', '2017-01-05 21:30:23'),
(1544, 47.4946225, 8.7169686, 4, 'Kdkdbd', '2017-01-05 21:30:24'),
(1545, 47.4946283, 8.713612, 1, 'asd', '2017-01-05 21:30:25'),
(1546, 47.4946225, 8.7169686, 4, 'Kdkdbd', '2017-01-05 21:30:25'),
(1547, 47.4946225, 8.7169686, 4, 'Kdkdbd', '2017-01-05 21:30:37'),
(1548, 47.4947064, 8.7169065, 2, 'Fäger', '2017-01-05 21:30:38'),
(1549, 47.4947064, 8.7169065, 2, 'Fäger', '2017-01-05 21:30:38'),
(1550, 47.4946283, 8.713612, 1, 'asd', '2017-01-05 21:30:40'),
(1551, 47.4946225, 8.7169686, 4, 'Kdkdbd', '2017-01-05 21:30:40'),
(1552, 47.4946225, 8.7169686, 4, 'Kdkdbd', '2017-01-05 21:30:40'),
(1553, 47.4946225, 8.7169686, 4, 'Kdkdbd', '2017-01-05 21:30:40'),
(1554, 47.4947064, 8.7169065, 2, 'Fäger', '2017-01-05 21:30:53'),
(1555, 47.4946225, 8.7169686, 4, 'Kdkdbd', '2017-01-05 21:30:53'),
(1556, 47.4946225, 8.7169686, 4, 'Kdkdbd', '2017-01-05 21:30:53'),
(1557, 47.4946225, 8.7169686, 4, 'Kdkdbd', '2017-01-05 21:30:53'),
(1558, 47.4946283, 8.713612, 1, 'asd', '2017-01-05 21:30:55'),
(1559, 47.4946283, 8.713612, 1, 'asd', '2017-01-05 21:30:55'),
(1560, 47.4946225, 8.7169686, 4, 'Kdkdbd', '2017-01-05 21:30:55'),
(1561, 47.4947064, 8.7169065, 2, 'Fäger', '2017-01-05 21:31:08'),
(1562, 47.4946225, 8.7169686, 4, 'Kdkdbd', '2017-01-05 21:31:08'),
(1563, 47.4946283, 8.713612, 1, 'asd', '2017-01-05 21:31:10'),
(1564, 47.4946225, 8.7169686, 4, 'Kdkdbd', '2017-01-05 21:31:10'),
(1565, 47.4946225, 8.7169686, 4, 'Kdkdbd', '2017-01-05 21:31:22'),
(1566, 47.4947064, 8.7169065, 2, 'Fäger', '2017-01-05 21:31:23'),
(1567, 47.4946283, 8.713612, 1, 'asd', '2017-01-05 21:31:25'),
(1568, 47.4946225, 8.7169686, 4, 'Kdkdbd', '2017-01-05 21:31:37'),
(1569, 47.4947064, 8.7169065, 2, 'Fäger', '2017-01-05 21:31:38'),
(1570, 47.4947064, 8.7169065, 2, 'Fäger', '2017-01-05 21:31:38'),
(1571, 47.4946283, 8.713612, 1, 'asd', '2017-01-05 21:31:40'),
(1572, 47.4947064, 8.7169065, 2, 'Fäger', '2017-01-05 21:31:53'),
(1573, 47.4946225, 8.7169686, 4, 'Kdkdbd', '2017-01-05 21:31:54'),
(1574, 47.4946225, 8.7169686, 4, 'Kdkdbd', '2017-01-05 21:31:54'),
(1575, 47.4946225, 8.7169686, 4, 'Kdkdbd', '2017-01-05 21:31:54'),
(1576, 47.4946283, 8.713612, 1, 'asd', '2017-01-05 21:31:55'),
(1577, 47.4946283, 8.713612, 1, 'asd', '2017-01-05 21:31:55'),
(1578, 47.4946225, 8.7169686, 4, 'Kdkdbd', '2017-01-05 21:32:07'),
(1579, 47.4947064, 8.7169065, 2, 'Fäger', '2017-01-05 21:32:08'),
(1580, 47.4946283, 8.713612, 1, 'asd', '2017-01-05 21:32:10'),
(1581, 47.4946225, 8.7169686, 4, 'Kdkdbd', '2017-01-05 21:32:22'),
(1582, 47.4947064, 8.7169065, 2, 'Fäger', '2017-01-05 21:32:23'),
(1583, 47.4946283, 8.713612, 1, 'asd', '2017-01-05 21:32:25'),
(1584, 47.4946225, 8.7169686, 4, 'Kdkdbd', '2017-01-05 21:32:37'),
(1585, 47.4947064, 8.7169065, 2, 'Fäger', '2017-01-05 21:32:39'),
(1586, 47.4947064, 8.7169065, 2, 'Fäger', '2017-01-05 21:32:39'),
(1587, 47.4946283, 8.713612, 1, 'asd', '2017-01-05 21:32:40'),
(1588, 47.4947064, 8.7169065, 2, 'Fäger', '2017-01-05 21:32:53'),
(1589, 47.4946225, 8.7169686, 4, 'Kdkdbd', '2017-01-05 21:32:54'),
(1590, 47.4946225, 8.7169686, 4, 'Kdkdbd', '2017-01-05 21:32:54'),
(1591, 47.4946225, 8.7169686, 4, 'Kdkdbd', '2017-01-05 21:32:54'),
(1592, 47.4946283, 8.713612, 1, 'asd', '2017-01-05 21:32:55'),
(1593, 47.4946283, 8.713612, 1, 'asd', '2017-01-05 21:32:55'),
(1594, 47.4947064, 8.7169065, 2, 'Fäger', '2017-01-05 21:33:08'),
(1595, 47.4946225, 8.7169686, 4, 'Kdkdbd', '2017-01-05 21:33:09'),
(1596, 47.4946283, 8.713612, 1, 'asd', '2017-01-05 21:33:10'),
(1597, 47.4947064, 8.7169065, 2, 'Fäger', '2017-01-05 21:33:23'),
(1598, 47.4946225, 8.7169686, 4, 'Kdkdbd', '2017-01-05 21:33:23'),
(1599, 47.4946283, 8.713612, 1, 'asd', '2017-01-05 21:33:25'),
(1600, 47.4947064, 8.7169065, 2, 'Fäger', '2017-01-05 21:33:39'),
(1601, 47.4947064, 8.7169065, 2, 'Fäger', '2017-01-05 21:33:39'),
(1602, 47.4946225, 8.7169686, 4, 'Kdkdbd', '2017-01-05 21:33:39'),
(1603, 47.4946283, 8.713612, 1, 'asd', '2017-01-05 21:33:40'),
(1604, 47.4947064, 8.7169065, 2, 'Fäger', '2017-01-05 21:33:53');
INSERT INTO `teamposition` (`tp_ID`, `team_lat`, `team_long`, `t_ID`, `player`, `timestamp`) VALUES
(1605, 47.4946225, 8.7169686, 4, 'Kdkdbd', '2017-01-05 21:33:54'),
(1606, 47.4946225, 8.7169686, 4, 'Kdkdbd', '2017-01-05 21:33:54'),
(1607, 47.4946225, 8.7169686, 4, 'Kdkdbd', '2017-01-05 21:33:54'),
(1608, 47.4946283, 8.713612, 1, 'asd', '2017-01-05 21:33:55'),
(1609, 47.4946283, 8.713612, 1, 'asd', '2017-01-05 21:33:55'),
(1610, 47.4947064, 8.7169065, 2, 'Fäger', '2017-01-05 21:34:08'),
(1611, 47.4946225, 8.7169686, 4, 'Kdkdbd', '2017-01-05 21:34:08'),
(1612, 47.4946283, 8.713612, 1, 'asd', '2017-01-05 21:34:10'),
(1613, 47.4947064, 8.7169065, 2, 'Fäger', '2017-01-05 21:34:23'),
(1614, 47.4946225, 8.7169686, 4, 'Kdkdbd', '2017-01-05 21:34:23'),
(1615, 47.4946283, 8.713612, 1, 'asd', '2017-01-05 21:34:25'),
(1616, 47.4947064, 8.7169065, 2, 'Fäger', '2017-01-05 21:34:38'),
(1617, 47.4947064, 8.7169065, 2, 'Fäger', '2017-01-05 21:34:38'),
(1618, 47.4946225, 8.7169686, 4, 'Kdkdbd', '2017-01-05 21:34:39'),
(1619, 47.4946283, 8.713612, 1, 'asd', '2017-01-05 21:34:40'),
(1620, 47.4946225, 8.7169686, 4, 'Kdkdbd', '2017-01-05 21:34:52'),
(1621, 47.4946225, 8.7169686, 4, 'Kdkdbd', '2017-01-05 21:34:52'),
(1622, 47.4946225, 8.7169686, 4, 'Kdkdbd', '2017-01-05 21:34:52'),
(1623, 47.4947064, 8.7169065, 2, 'Fäger', '2017-01-05 21:34:54'),
(1624, 47.4946283, 8.713612, 1, 'asd', '2017-01-05 21:34:55'),
(1625, 47.4946283, 8.713612, 1, 'asd', '2017-01-05 21:34:55'),
(1626, 47.4946225, 8.7169686, 4, 'Kdkdbd', '2017-01-05 21:35:07'),
(1627, 47.4947064, 8.7169065, 2, 'Fäger', '2017-01-05 21:35:08'),
(1628, 47.4946283, 8.713612, 1, 'asd', '2017-01-05 21:35:10'),
(1629, 47.4947064, 8.7169065, 2, 'Fäger', '2017-01-05 21:35:23'),
(1630, 47.4946225, 8.7169686, 4, 'Kdkdbd', '2017-01-05 21:35:23'),
(1631, 47.4946283, 8.713612, 1, 'asd', '2017-01-05 21:35:25'),
(1632, 47.4946225, 8.7169686, 4, 'Kdkdbd', '2017-01-05 21:35:37'),
(1633, 47.4947064, 8.7169065, 2, 'Fäger', '2017-01-05 21:35:38'),
(1634, 47.4947064, 8.7169065, 2, 'Fäger', '2017-01-05 21:35:38'),
(1635, 47.4946283, 8.713612, 1, 'asd', '2017-01-05 21:35:40'),
(1636, 47.4946225, 8.7169686, 4, 'Kdkdbd', '2017-01-05 21:35:52'),
(1637, 47.4946225, 8.7169686, 4, 'Kdkdbd', '2017-01-05 21:35:52'),
(1638, 47.4946225, 8.7169686, 4, 'Kdkdbd', '2017-01-05 21:35:52'),
(1639, 47.4947064, 8.7169065, 2, 'Fäger', '2017-01-05 21:35:54'),
(1640, 47.4946283, 8.713612, 1, 'asd', '2017-01-05 21:35:55'),
(1641, 47.4946283, 8.713612, 1, 'asd', '2017-01-05 21:35:55'),
(1642, 47.4947064, 8.7169065, 2, 'Fäger', '2017-01-05 21:36:08'),
(1643, 47.4946225, 8.7169686, 4, 'Kdkdbd', '2017-01-05 21:36:09'),
(1644, 47.4946283, 8.713612, 1, 'asd', '2017-01-05 21:36:10'),
(1645, 47.4947064, 8.7169065, 2, 'Fäger', '2017-01-05 21:36:23'),
(1646, 47.4946283, 8.713612, 1, 'asd', '2017-01-05 21:36:25'),
(1647, 47.4947052, 8.7168798, 2, 'Fäger', '2017-01-05 21:36:38'),
(1648, 47.4947052, 8.7168798, 2, 'Fäger', '2017-01-05 21:36:38'),
(1649, 47.4946283, 8.713612, 1, 'asd', '2017-01-05 21:36:40'),
(1650, 47.4947052, 8.7168798, 2, 'Fäger', '2017-01-05 21:36:53'),
(1651, 47.4946283, 8.713612, 1, 'asd', '2017-01-05 21:36:55'),
(1652, 47.4946283, 8.713612, 1, 'asd', '2017-01-05 21:36:55'),
(1653, 47.4947052, 8.7168798, 2, 'Fäger', '2017-01-05 21:37:08'),
(1654, 47.4946283, 8.713612, 1, 'asd', '2017-01-05 21:37:10'),
(1655, 47.4947052, 8.7168798, 2, 'Fäger', '2017-01-05 21:37:23'),
(1656, 47.4946283, 8.713612, 1, 'asd', '2017-01-05 21:37:25'),
(1657, 47.4947052, 8.7168798, 2, 'Fäger', '2017-01-05 21:37:38'),
(1658, 47.4947052, 8.7168798, 2, 'Fäger', '2017-01-05 21:37:38'),
(1659, 47.4946283, 8.713612, 1, 'asd', '2017-01-05 21:37:40'),
(1660, 47.4947052, 8.7168798, 2, 'Fäger', '2017-01-05 21:37:53'),
(1661, 47.4946283, 8.713612, 1, 'asd', '2017-01-05 21:37:55'),
(1662, 47.4946283, 8.713612, 1, 'asd', '2017-01-05 21:37:55'),
(1663, 47.4945913, 8.7135672, 1, 'asdf', '2017-01-05 21:37:55'),
(1664, 47.4945913, 8.7135672, 1, 'asdf', '2017-01-05 21:37:57'),
(1665, 47.4945913, 8.7135672, 1, 'asdf', '2017-01-05 21:38:01'),
(1666, 47.4947052, 8.7168798, 2, 'Fäger', '2017-01-05 21:38:08'),
(1667, 47.4946283, 8.713612, 1, 'asd', '2017-01-05 21:38:10'),
(1668, 47.4945913, 8.7135672, 1, 'asdf', '2017-01-05 21:38:12'),
(1669, 47.4947052, 8.7168798, 2, 'Fäger', '2017-01-05 21:38:23'),
(1670, 47.4946283, 8.713612, 1, 'asd', '2017-01-05 21:38:25'),
(1671, 47.4945913, 8.7135672, 1, 'asdf', '2017-01-05 21:38:27'),
(1672, 47.4947052, 8.7168798, 2, 'Fäger', '2017-01-05 21:38:38'),
(1673, 47.4947052, 8.7168798, 2, 'Fäger', '2017-01-05 21:38:38'),
(1674, 47.4946283, 8.713612, 1, 'asd', '2017-01-05 21:38:40'),
(1675, 47.4945913, 8.7135672, 1, 'asdf', '2017-01-05 21:38:42'),
(1676, 47.4945913, 8.7135672, 1, 'asdf', '2017-01-05 21:38:42'),
(1677, 47.4945913, 8.7135672, 1, 'asdf', '2017-01-05 21:38:42'),
(1678, 47.4947052, 8.7168798, 2, 'Fäger', '2017-01-05 21:38:54'),
(1679, 47.4946283, 8.713612, 1, 'asd', '2017-01-05 21:38:55'),
(1680, 47.4946283, 8.713612, 1, 'asd', '2017-01-05 21:38:55'),
(1681, 47.4945913, 8.7135672, 1, 'asdf', '2017-01-05 21:38:57'),
(1682, 47.4947052, 8.7168798, 2, 'Fäger', '2017-01-05 21:39:08'),
(1683, 47.4946283, 8.713612, 1, 'asd', '2017-01-05 21:39:10'),
(1684, 47.4945913, 8.7135672, 1, 'asdf', '2017-01-05 21:39:12'),
(1685, 47.4947052, 8.7168798, 2, 'Fäger', '2017-01-05 21:39:23'),
(1686, 47.4946283, 8.713612, 1, 'asd', '2017-01-05 21:39:25'),
(1687, 47.4945913, 8.7135672, 1, 'asdf', '2017-01-05 21:39:27'),
(1688, 47.4947052, 8.7168798, 2, 'Fäger', '2017-01-05 21:39:38'),
(1689, 47.4947052, 8.7168798, 2, 'Fäger', '2017-01-05 21:39:38'),
(1690, 47.4946283, 8.713612, 1, 'asd', '2017-01-05 21:39:40'),
(1691, 47.4945913, 8.7135672, 1, 'asdf', '2017-01-05 21:39:42'),
(1692, 47.4945913, 8.7135672, 1, 'asdf', '2017-01-05 21:39:42'),
(1693, 47.4945913, 8.7135672, 1, 'asdf', '2017-01-05 21:39:42'),
(1694, 47.4947052, 8.7168798, 2, 'Fäger', '2017-01-05 21:39:53'),
(1695, 47.4946283, 8.713612, 1, 'asd', '2017-01-05 21:39:55'),
(1696, 47.4946283, 8.713612, 1, 'asd', '2017-01-05 21:39:55'),
(1697, 47.4945913, 8.7135672, 1, 'asdf', '2017-01-05 21:39:57'),
(1698, 47.4947052, 8.7168798, 2, 'Fäger', '2017-01-05 21:40:08'),
(1699, 47.4946283, 8.713612, 1, 'asd', '2017-01-05 21:40:10'),
(1700, 47.4945913, 8.7135672, 1, 'asdf', '2017-01-05 21:40:12'),
(1701, 47.4947052, 8.7168798, 2, 'Fäger', '2017-01-05 21:40:23'),
(1702, 47.4946283, 8.713612, 1, 'asd', '2017-01-05 21:40:25'),
(1703, 47.4945913, 8.7135672, 1, 'asdf', '2017-01-05 21:40:27'),
(1704, 47.4947052, 8.7168798, 2, 'Fäger', '2017-01-05 21:40:38'),
(1705, 47.4947052, 8.7168798, 2, 'Fäger', '2017-01-05 21:40:38'),
(1706, 47.4946283, 8.713612, 1, 'asd', '2017-01-05 21:40:40'),
(1707, 47.4945913, 8.7135672, 1, 'asdf', '2017-01-05 21:40:42'),
(1708, 47.4945913, 8.7135672, 1, 'asdf', '2017-01-05 21:40:42'),
(1709, 47.4945913, 8.7135672, 1, 'asdf', '2017-01-05 21:40:42'),
(1710, 47.4947052, 8.7168798, 2, 'Fäger', '2017-01-05 21:40:54'),
(1711, 47.4946283, 8.713612, 1, 'asd', '2017-01-05 21:40:55'),
(1712, 47.4946283, 8.713612, 1, 'asd', '2017-01-05 21:40:55'),
(1713, 47.4945913, 8.7135672, 1, 'asdf', '2017-01-05 21:40:57'),
(1714, 47.4947052, 8.7168798, 2, 'Fäger', '2017-01-05 21:41:08'),
(1715, 47.4946283, 8.713612, 1, 'asd', '2017-01-05 21:41:10'),
(1716, 47.4945913, 8.7135672, 1, 'asdf', '2017-01-05 21:41:12'),
(1717, 47.4947052, 8.7168798, 2, 'Fäger', '2017-01-05 21:41:23'),
(1718, 47.4946283, 8.713612, 1, 'asd', '2017-01-05 21:41:25'),
(1719, 47.4945913, 8.7135672, 1, 'asdf', '2017-01-05 21:41:27'),
(1720, 47.4947052, 8.7168798, 2, 'Fäger', '2017-01-05 21:41:38'),
(1721, 47.4947052, 8.7168798, 2, 'Fäger', '2017-01-05 21:41:38'),
(1722, 47.4946283, 8.713612, 1, 'asd', '2017-01-05 21:41:40'),
(1723, 47.4945913, 8.7135672, 1, 'asdf', '2017-01-05 21:41:42'),
(1724, 47.4945913, 8.7135672, 1, 'asdf', '2017-01-05 21:41:42'),
(1725, 47.4945913, 8.7135672, 1, 'asdf', '2017-01-05 21:41:42'),
(1726, 47.4947052, 8.7168798, 2, 'Fäger', '2017-01-05 21:41:53'),
(1727, 47.4946283, 8.713612, 1, 'asd', '2017-01-05 21:41:55'),
(1728, 47.4946283, 8.713612, 1, 'asd', '2017-01-05 21:41:55'),
(1729, 47.4945913, 8.7135672, 1, 'asdf', '2017-01-05 21:41:57'),
(1730, 47.4947052, 8.7168798, 2, 'Fäger', '2017-01-05 21:42:08'),
(1731, 47.4946283, 8.713612, 1, 'asd', '2017-01-05 21:42:10'),
(1732, 47.4945913, 8.7135672, 1, 'asdf', '2017-01-05 21:42:12'),
(1733, 47.4947052, 8.7168798, 2, 'Fäger', '2017-01-05 21:42:23'),
(1734, 47.4946283, 8.713612, 1, 'asd', '2017-01-05 21:42:25'),
(1735, 47.4947052, 8.7168798, 2, 'Fäger', '2017-01-05 21:42:39'),
(1736, 47.4947052, 8.7168798, 2, 'Fäger', '2017-01-05 21:42:39'),
(1737, 47.4946283, 8.713612, 1, 'asd', '2017-01-05 21:42:40'),
(1738, 47.4947052, 8.7168798, 2, 'Fäger', '2017-01-05 21:42:53'),
(1739, 47.4946283, 8.713612, 1, 'asd', '2017-01-05 21:42:55'),
(1740, 47.4946283, 8.713612, 1, 'asd', '2017-01-05 21:42:55'),
(1741, 47.4947052, 8.7168798, 2, 'Fäger', '2017-01-05 21:43:08'),
(1742, 47.4946283, 8.713612, 1, 'asd', '2017-01-05 21:43:10'),
(1743, 47.4947052, 8.7168798, 2, 'Fäger', '2017-01-05 21:43:23'),
(1744, 47.4946283, 8.713612, 1, 'asd', '2017-01-05 21:43:25'),
(1745, 47.4947052, 8.7168798, 2, 'Fäger', '2017-01-05 21:43:38'),
(1746, 47.4947052, 8.7168798, 2, 'Fäger', '2017-01-05 21:43:38'),
(1747, 47.4946283, 8.713612, 1, 'asd', '2017-01-05 21:43:40'),
(1748, 47.4947389, 8.7168589, 2, 'Fäger', '2017-01-05 21:43:54'),
(1749, 47.4946283, 8.713612, 1, 'asd', '2017-01-05 21:43:55'),
(1750, 47.4946283, 8.713612, 1, 'asd', '2017-01-05 21:43:55'),
(1751, 47.4947389, 8.7168589, 2, 'Fäger', '2017-01-05 21:44:08'),
(1752, 47.4946098, 8.7135778, 1, 'asd', '2017-01-05 21:44:09'),
(1753, 47.4947389, 8.7168589, 2, 'Fäger', '2017-01-05 21:44:23'),
(1754, 47.4947389, 8.7168589, 2, 'Fäger', '2017-01-05 21:44:38'),
(1755, 47.4947389, 8.7168589, 2, 'Fäger', '2017-01-05 21:44:38'),
(1756, 47.4947389, 8.7168589, 2, 'Fäger', '2017-01-05 21:44:53'),
(1757, 47.4947396, 8.7168811, 2, 'Fäger', '2017-01-05 21:45:09'),
(1758, 47.4947396, 8.7168811, 2, 'Fäger', '2017-01-05 21:45:23'),
(1759, 47.4947396, 8.7168811, 2, 'Fäger', '2017-01-05 21:45:38'),
(1760, 47.4947396, 8.7168811, 2, 'Fäger', '2017-01-05 21:45:38'),
(1761, 47.4947396, 8.7168811, 2, 'Fäger', '2017-01-05 21:45:53'),
(1762, 47.4947396, 8.7168811, 2, 'Fäger', '2017-01-05 21:46:08'),
(1763, 47.4947396, 8.7168811, 2, 'Fäger', '2017-01-05 21:46:23'),
(1764, 47.4947396, 8.7168811, 2, 'Fäger', '2017-01-05 21:46:38'),
(1765, 47.4947396, 8.7168811, 2, 'Fäger', '2017-01-05 21:46:38'),
(1766, 47.4947396, 8.7168811, 2, 'Fäger', '2017-01-05 21:46:54'),
(1767, 47.4947396, 8.7168811, 2, 'Fäger', '2017-01-05 21:47:08'),
(1768, 47.4947396, 8.7168811, 2, 'Fäger', '2017-01-05 21:47:23'),
(1769, 47.4947396, 8.7168811, 2, 'Fäger', '2017-01-05 21:47:38'),
(1770, 47.4947396, 8.7168811, 2, 'Fäger', '2017-01-05 21:47:38'),
(1771, 47.4947396, 8.7168811, 2, 'Fäger', '2017-01-05 21:47:53'),
(1772, 47.4947396, 8.7168811, 2, 'Fäger', '2017-01-05 21:48:09'),
(1773, 47.4947396, 8.7168811, 2, 'Fäger', '2017-01-05 21:48:23'),
(1774, 47.4947396, 8.7168811, 2, 'Fäger', '2017-01-05 21:48:38'),
(1775, 47.4947396, 8.7168811, 2, 'Fäger', '2017-01-05 21:48:38'),
(1776, 47.4947396, 8.7168811, 2, 'Fäger', '2017-01-05 21:48:53'),
(1777, 47.4947396, 8.7168811, 2, 'Fäger', '2017-01-05 21:49:08'),
(1778, 47.4947396, 8.7168811, 2, 'Fäger', '2017-01-05 21:49:23'),
(1779, 47.4947396, 8.7168811, 2, 'Fäger', '2017-01-05 21:49:38'),
(1780, 47.4947396, 8.7168811, 2, 'Fäger', '2017-01-05 21:49:38'),
(1781, 47.4947396, 8.7168811, 2, 'Fäger', '2017-01-05 21:49:53'),
(1782, 47.4947396, 8.7168811, 2, 'Fäger', '2017-01-05 21:50:08'),
(1783, 47.4947396, 8.7168811, 2, 'Fäger', '2017-01-05 21:50:23'),
(1784, 47.4947396, 8.7168811, 2, 'Fäger', '2017-01-05 21:50:38'),
(1785, 47.4947396, 8.7168811, 2, 'Fäger', '2017-01-05 21:50:38'),
(1786, 47.4947396, 8.7168811, 2, 'Fäger', '2017-01-05 21:50:53'),
(1787, 47.4947396, 8.7168811, 2, 'Fäger', '2017-01-05 21:51:08'),
(1788, 47.4947396, 8.7168811, 2, 'Fäger', '2017-01-05 21:51:23'),
(1789, 47.4947396, 8.7168811, 2, 'Fäger', '2017-01-05 21:51:38'),
(1790, 47.4947396, 8.7168811, 2, 'Fäger', '2017-01-05 21:51:38');

-- --------------------------------------------------------

--
-- Tabellenstruktur für Tabelle `user`
--

CREATE TABLE IF NOT EXISTS `user` (
  `u_ID` int(11) NOT NULL AUTO_INCREMENT COMMENT 'user ID',
  `username` varchar(255) NOT NULL COMMENT 'username',
  `hash` varchar(255) NOT NULL COMMENT 'backend user hash',
  PRIMARY KEY (`u_ID`),
  UNIQUE KEY `username` (`username`),
  UNIQUE KEY `hash` (`hash`)
) ENGINE=InnoDB  DEFAULT CHARSET=latin1 AUTO_INCREMENT=3 ;

--
-- Daten für Tabelle `user`
--

INSERT INTO `user` (`u_ID`, `username`, `hash`) VALUES
(2, 'admin', 'admin');

/*!40101 SET CHARACTER_SET_CLIENT=@OLD_CHARACTER_SET_CLIENT */;
/*!40101 SET CHARACTER_SET_RESULTS=@OLD_CHARACTER_SET_RESULTS */;
/*!40101 SET COLLATION_CONNECTION=@OLD_COLLATION_CONNECTION */;
